SpectrumID	#Scan#	SpectrumFile	LibraryName	MQScore	TIC_Query	RT_Query	MZErrorPPM	SharedPeaks	MassDiff	SpecMZ	SpecCharge	FileScanUniqueID	NumberHits	Compound_Name	Ion_Source	Instrument	Compound_Source	PI	Data_Collector	Adduct	Precursor_MZ	ExactMass	Charge	CAS_Number	Pubmed_ID	Smiles	INCHI	INCHI_AUX	Library_Class	IonMode	Organism	LibMZ	UpdateWorkflowName	LibraryQualityString	tags	molecular_formula	InChIKey	InChIKey-Planar	superclass	class	subclass	npclassifier_superclass	npclassifier_class	npclassifier_pathway	library_usi
CCMSLIB00006678714	6615	spectra_filtered.mgf	GNPS_Drug_Library_Spectra_Drugs_and_Metabolites.mgf	0.999994	240000.0	0	4.26418	2	0.00050354	118.087	1	temp/spectra_filtered.mgf6615	1	BETAINE	ESI	Orbitrap	isolated	MoNA	MoNA:MoNA038708	M+H	118.086	0.0	1			C[N+](C)(C)CC(=O)[O-]	"""InChI=1S/C5H11NO2/c1-6(2,3)4-5(7)8/h4H2,1-3H3"""		3	positive	MONA	118.086	UPDATE-SINGLE-ANNOTATED-BRONZE	Bronze			KWIUHFFTVRNATP-UHFFFAOYSA-N	KWIUHFFTVRNATP	Organic acids and derivatives	Carboxylic acids and derivatives	Amino acids, peptides, and analogues				mzspec:GNPS:GNPS-LIBRARY:CCMSLIB00006678714
CCMSLIB00006678714	1066	spectra_filtered.mgf	GNPS_Drug_Library_Spectra_Drugs_and_Metabolites.mgf	0.999994	240000.0	0	4.26418	2	0.00050354	118.087	1	temp/spectra_filtered.mgf1066	1	BETAINE	ESI	Orbitrap	isolated	MoNA	MoNA:MoNA038708	M+H	118.086	0.0	1			C[N+](C)(C)CC(=O)[O-]	"""InChI=1S/C5H11NO2/c1-6(2,3)4-5(7)8/h4H2,1-3H3"""		3	positive	MONA	118.086	UPDATE-SINGLE-ANNOTATED-BRONZE	Bronze			KWIUHFFTVRNATP-UHFFFAOYSA-N	KWIUHFFTVRNATP	Organic acids and derivatives	Carboxylic acids and derivatives	Amino acids, peptides, and analogues				mzspec:GNPS:GNPS-LIBRARY:CCMSLIB00006678714
CCMSLIB00006682852	5326	spectra_filtered.mgf	GNPS_Drug_Library_Spectra_Drugs_and_Metabolites.mgf	0.999929	131000.0	0	4.26418	2	0.00050354	118.087	1	temp/spectra_filtered.mgf5326	1	BETAINE	ESI	qTof	isolated	MoNA	MoNA:MoNA036528	M+H	118.086	0.0	1			C[N+](C)(C)CC(=O)[O-]	"""InChI=1S/C5H11NO2/c1-6(2,3)4-5(7)8/h4H2,1-3H3"""		3	positive	MONA	118.086	UPDATE-SINGLE-ANNOTATED-BRONZE	Bronze			KWIUHFFTVRNATP-UHFFFAOYSA-N	KWIUHFFTVRNATP	Organic acids and derivatives	Carboxylic acids and derivatives	Amino acids, peptides, and analogues				mzspec:GNPS:GNPS-LIBRARY:CCMSLIB00006682852
CCMSLIB00006678714	6111	spectra_filtered.mgf	GNPS_Drug_Library_Spectra_Drugs_and_Metabolites.mgf	0.999748	176000.0	0	4.26418	2	0.00050354	118.087	1	temp/spectra_filtered.mgf6111	1	BETAINE	ESI	Orbitrap	isolated	MoNA	MoNA:MoNA038708	M+H	118.086	0.0	1			C[N+](C)(C)CC(=O)[O-]	"""InChI=1S/C5H11NO2/c1-6(2,3)4-5(7)8/h4H2,1-3H3"""		3	positive	MONA	118.086	UPDATE-SINGLE-ANNOTATED-BRONZE	Bronze			KWIUHFFTVRNATP-UHFFFAOYSA-N	KWIUHFFTVRNATP	Organic acids and derivatives	Carboxylic acids and derivatives	Amino acids, peptides, and analogues				mzspec:GNPS:GNPS-LIBRARY:CCMSLIB00006678714
CCMSLIB00006678714	6110	spectra_filtered.mgf	GNPS_Drug_Library_Spectra_Drugs_and_Metabolites.mgf	0.999725	230000.0	0	4.26418	2	0.00050354	118.087	1	temp/spectra_filtered.mgf6110	1	BETAINE	ESI	Orbitrap	isolated	MoNA	MoNA:MoNA038708	M+H	118.086	0.0	1			C[N+](C)(C)CC(=O)[O-]	"""InChI=1S/C5H11NO2/c1-6(2,3)4-5(7)8/h4H2,1-3H3"""		3	positive	MONA	118.086	UPDATE-SINGLE-ANNOTATED-BRONZE	Bronze			KWIUHFFTVRNATP-UHFFFAOYSA-N	KWIUHFFTVRNATP	Organic acids and derivatives	Carboxylic acids and derivatives	Amino acids, peptides, and analogues				mzspec:GNPS:GNPS-LIBRARY:CCMSLIB00006678714
CCMSLIB00006576864	3238	spectra_filtered.mgf	GNPS_Drug_Library_Spectra_Drugs_and_Metabolites.mgf	0.999717	226000.0	0	11.7321	3	0.00228882	195.088	1	temp/spectra_filtered.mgf3238	1	1,3,7-trimethyl-3,7-dihydro-1H-purine-2,6-dione	ESI	Orbitrap	Commercial standard	BMDMS-NP	BMDMS-NP	[M+H]+	195.09	194.08	1			O=C1C2=C(N=CN2C)N(C(=O)N1C)C	InChI=1S/C8H10N4O2/c1-10-4-9-6-5(10)7(13)12(3)8(14)11(6)2/h4H,1-3H3		1	Positive	BMDMS-NP	195.09	UPDATE-SINGLE-ANNOTATED-GOLD	Gold		C8H10N4O2	RYYVLZVUVIJVGH-UHFFFAOYSA-N	RYYVLZVUVIJVGH	Organoheterocyclic compounds	Imidazopyrimidines	Purines and purine derivatives	Pseudoalkaloids	Purine alkaloids	Alkaloids	mzspec:GNPS:GNPS-LIBRARY:CCMSLIB00006576864
CCMSLIB00003136069	7433	spectra_filtered.mgf	GNPS_Drug_Library_Spectra_Drugs_and_Metabolites.mgf	0.999641	2836000.0	0	0.437859	9	9.15527e-05	209.092	1	temp/spectra_filtered.mgf7433	1	Spectral Match to L-Kynurenine from NIST14	ESI	QQQ	Isolated	Data from Gabriel Haddad	Data deposited by mjmeehan	M+H	209.092	208.085	1	2922830		C1=CC=C(C(=C1)C(=O)C[C@@H](C(=O)O)N)N	InChI=1S/C10H12N2O3/c11-7-4-2-1-3-6(7)9(13)5-8(12)10(14)15/h1-4,8H,5,11-12H2,(H,14,15)/t8-/m0/s1		3	Positive	GNPS-NIST14-MATCHES	209.092	UPDATE-SINGLE-ANNOTATED-BRONZE	Bronze		C10H12N2O3	YGPSJZOEDVAXAB-QMMMGPOBSA-N	YGPSJZOEDVAXAB	Organic oxygen compounds	Organooxygen compounds	Carbonyl compounds	Small peptides	Aminoacids	Amino acids and Peptides	mzspec:GNPS:GNPS-LIBRARY:CCMSLIB00003136069
CCMSLIB00006678714	5646	spectra_filtered.mgf	GNPS_Drug_Library_Spectra_Drugs_and_Metabolites.mgf	0.999578	124000.0	0	4.26418	2	0.00050354	118.087	1	temp/spectra_filtered.mgf5646	1	BETAINE	ESI	Orbitrap	isolated	MoNA	MoNA:MoNA038708	M+H	118.086	0.0	1			C[N+](C)(C)CC(=O)[O-]	"""InChI=1S/C5H11NO2/c1-6(2,3)4-5(7)8/h4H2,1-3H3"""		3	positive	MONA	118.086	UPDATE-SINGLE-ANNOTATED-BRONZE	Bronze			KWIUHFFTVRNATP-UHFFFAOYSA-N	KWIUHFFTVRNATP	Organic acids and derivatives	Carboxylic acids and derivatives	Amino acids, peptides, and analogues				mzspec:GNPS:GNPS-LIBRARY:CCMSLIB00006678714
CCMSLIB00005884163	1759	spectra_filtered.mgf	GNPS_Drug_Library_Spectra_Drugs_and_Metabolites.mgf	0.9987	3852000.0	0	1.85753	6	0.000289917	156.077	1	temp/spectra_filtered.mgf1759	1	L-HISTIDINE - 40.0 eV	ESI	Orbitrap	Isolated	Madeleine Ernst	Anna Abrahamsson	M+H	156.077	0.0	1	5934-29-2		N[C@@H](CC1=CNC=N1)C(O)=O	InChI=1S/C6H9N3O2/c7-5(6(10)11)1-4-2-8-3-9-4/h2-3,5H,1,7H2,(H,8,9)(H,10,11)/t5-/m0/s1		1	Positive	GNPS-LIBRARY	156.077	UPDATE-SINGLE-ANNOTATED-GOLD	Gold		C6H9N3O2	HNDVDQJCIGZPNO-YFKPBYRVSA-N	HNDVDQJCIGZPNO	Organic acids and derivatives	Carboxylic acids and derivatives	Amino acids, peptides, and analogues	Small peptides	Aminoacids	Amino acids and Peptides	mzspec:GNPS:GNPS-LIBRARY:CCMSLIB00005884163
CCMSLIB00010126500	6738	spectra_filtered.mgf	GNPS_Drug_Library_Spectra_Drugs_and_Metabolites.mgf	0.998581	3037000.0	0	2.03372	7	0.000305176	150.058	1	temp/spectra_filtered.mgf6738	1	L-methionine CollisionEnergy:102040	LC-ESI	Orbitrap	Commercial	Trent Northen	JGI	M+H	150.058	0.0	1			CSCC[C@H](N)C(=O)O	"""InChI=1S/C5H11NO2S/c1-9-3-2-4(6)5(7)8/h4H,2-3,6H2,1H3,(H,7,8)/t4-/m0/s1"""		3	Positive	BERKELEY-LAB	150.058	UPDATE-SINGLE-ANNOTATED-BRONZE	Bronze		C5H11NO2S	FFEARJCKVFRZRR-BYPYZUCNSA-N	FFEARJCKVFRZRR	Organic acids and derivatives	Carboxylic acids and derivatives	Amino acids, peptides, and analogues	Small peptides	Aminoacids	Amino acids and Peptides	mzspec:GNPS:GNPS-LIBRARY:CCMSLIB00010126500
CCMSLIB00004694538	1252	spectra_filtered.mgf	GNPS_Drug_Library_Spectra_Drugs_and_Metabolites.mgf	0.99663	18557000.0	0	0.520785	8	0.000106812	205.097	1	temp/spectra_filtered.mgf1252	1	TRYPTOPHAN		ESI-QFT	isolated	MoNA	MoNA:VF-NPL-QEHF003475	[M+H]+	205.097	0.0	1			N[C@@H](Cc1c[nH]c2ccccc12)C(=O)O	InChI=1S/C11H12N2O2/c12-9(11(14)15)5-7-6-13-10-4-2-1-3-8(7)10/h1-4,6,9,13H,5,12H2,(H,14,15)/t9-/m0/s1		3	positive	MONA	205.097	UPDATE-SINGLE-ANNOTATED-BRONZE	Bronze		C11H12N2O2	QIVBCDIJIAJPQS-VIFPVBQESA-N	QIVBCDIJIAJPQS	Organoheterocyclic compounds	Indoles and derivatives	Indolyl carboxylic acids and derivatives	Small peptides	Aminoacids	Amino acids and Peptides|Shikimates and Phenylpropanoids	mzspec:GNPS:GNPS-LIBRARY:CCMSLIB00004694538
CCMSLIB00013645299	11917	spectra_filtered.mgf	GNPS_Drug_Library_Spectra_Drug_Analogs_Updated.mgf	0.99564	3746000.0	0	1.05721	14	0.000793457	375.261	2	temp/spectra_filtered.mgf11917	1	related spectra of 'gamithromycin  (Delta Mass:-28.03)'	LC-ESI	Orbitrap	Crude	Pieter Dorrestein	Nina Zhao	M+2H	375.262	0.0	2						3	Positive	GNPS-DRUG-ANALOG	375.262	UPDATE-SINGLE-ANNOTATED-BRONZE	Bronze											mzspec:GNPS:GNPS-LIBRARY:CCMSLIB00013645299
CCMSLIB00005772126	15099	spectra_filtered.mgf	GNPS_Drug_Library_Spectra_Drugs_and_Metabolites.mgf	0.994698	6358000.0	0	0.450488	6	0.000106812	237.102	1	temp/spectra_filtered.mgf15099	1	Massbank:AU112002 Carbamazepine|benzo[b][1]benzazepine-11-carboxamide	ESI	qTof	Isolated	Massbank	Massbank	M+H	237.102	0.0	1	298-46-4		c1ccc2c(c1)C=Cc3ccccc3N2C(=O)N	1S/C15H12N2O/c16-15(18)17-13-7-3-1-5-11(13)9-10-12-6-2-4-8-14(12)17/h1-10H,(H2,16,18)		3	Positive	MASSBANK	237.102	UPDATE-SINGLE-ANNOTATED-BRONZE	Bronze		C15H12N2O	FFGPTBGBLSHEPO-UHFFFAOYSA-N	FFGPTBGBLSHEPO	Organoheterocyclic compounds	Benzazepines	Dibenzazepines	Anthranilic acid alkaloids		Alkaloids	mzspec:GNPS:GNPS-LIBRARY:CCMSLIB00005772126
CCMSLIB00003137665	2586	spectra_filtered.mgf	GNPS_Drug_Library_Spectra_Drugs_and_Metabolites.mgf	0.993819	3217000.0	0	0.508414	10	0.000183105	360.15	1	temp/spectra_filtered.mgf2586	1	Spectral Match to Lactulose from NIST14	ESI	QQQ	Isolated	Data from Christopher A. Lowry	Data deposited by fevargas	M+NH4	360.15	342.116	1	4618182		C([C@@H]1[C@@H]([C@@H]([C@H]([C@@H](O1)O[C@@H]2[C@H](O[C@@]([C@H]2O)(CO)O)CO)O)O)O)O	InChI=1S/C12H22O11/c13-1-4-6(16)7(17)8(18)11(21-4)22-9-5(2-14)23-12(20,3-15)10(9)19/h4-11,13-20H,1-3H2/t4-,5-,6+,7+,8-,9-,10+,11+,12-/m1/s1		3	Positive	GNPS-NIST14-MATCHES	360.15	UPDATE-SINGLE-ANNOTATED-BRONZE	Bronze		C12H22O11	JCQLYHFGKNRPGE-FCVZTGTOSA-N	JCQLYHFGKNRPGE				Saccharides	Disaccharides	Carbohydrates	mzspec:GNPS:GNPS-LIBRARY:CCMSLIB00003137665
CCMSLIB00005773907	1826	spectra_filtered.mgf	GNPS_Drug_Library_Spectra_Drugs_and_Metabolites.mgf	0.993171	3790000.0	0	0.808578	2	0.000213623	264.196	1	temp/spectra_filtered.mgf1826	1	Massbank:AU111706 Tramadol|(1R,2R)-2-[(dimethylamino)methyl]-1-(3-methoxyphenyl)cyclohexan-1-ol	ESI	qTof	Isolated	Massbank	Massbank	M+H	264.196	0.0	1	27203-92-5		COC1=CC=CC(=C1)[C@@]1(O)CCCC[C@@H]1CN(C)C	1S/C16H25NO2/c1-17(2)12-14-7-4-5-10-16(14,18)13-8-6-9-15(11-13)19-3/h6,8-9,11,14,18H,4-5,7,10,12H2,1-3H3/t14-,16+/m1/s1		3	Positive	MASSBANK	264.196	UPDATE-SINGLE-ANNOTATED-BRONZE	Bronze		C16H25NO2	TVYLLZQTGLZFBW-ZBFHGGJFSA-N	TVYLLZQTGLZFBW	Benzenoids	Phenol ethers	Anisoles			Alkaloids	mzspec:GNPS:GNPS-LIBRARY:CCMSLIB00005773907
CCMSLIB00003139692	14472	spectra_filtered.mgf	GNPS_Drug_Library_Spectra_Drugs_and_Metabolites.mgf	0.990773	2967000.0	0	0.924355	13	0.000305176	330.15	1	temp/spectra_filtered.mgf14472	1	Spectral Match to Paroxetine from NIST14	ESI	qTof	Isolated	Data from Chris Turck	Data deposited by fevargas	M+H	330.15	329.143	1	61869087		C1CNC[C@H]([C@@H]1C2=CC=C(C=C2)F)COC3=CC4=C(C=C3)OCO4	InChI=1S/C19H20FNO3/c20-15-3-1-13(2-4-15)17-7-8-21-10-14(17)11-22-16-5-6-18-19(9-16)24-12-23-18/h1-6,9,14,17,21H,7-8,10-12H2/t14-,17-/m0/s1		3	Positive	GNPS-NIST14-MATCHES	330.15	UPDATE-SINGLE-ANNOTATED-BRONZE	Bronze		C19H20FNO3	AHOUBRCZNHFOSL-YOEHRIQHSA-N	AHOUBRCZNHFOSL	Organoheterocyclic compounds	Piperidines	Phenylpiperidines			Alkaloids	mzspec:GNPS:GNPS-LIBRARY:CCMSLIB00003139692
CCMSLIB00010144696	7575	spectra_filtered.mgf	GNPS_Drug_Library_Spectra_Drugs_and_Metabolites.mgf	0.990537	1259000.0	0	0.456901	12	0.00012207	267.17	1	temp/spectra_filtered.mgf7575	1	(R)-(+)-Atenolol	ESI	Orbitrap	Crude	Tomas Pluskal	Corinna Brungs	M+H	267.17	266.163	1			CC(C)NC[C@@H](O)COc1ccc(CC(N)=O)cc1	"""InChI=1S/C14H22N2O3/c1-10(2)16-8-12(17)9-19-13-5-3-11(4-6-13)7-14(15)18/h3-6,10,12,16-17H,7-9H2,1-2H3,(H2,15,18)/t12-/m1/s1"""	METKIMKYRPQLGS-GFCCVEGCSA-N	3	Positive	MCE-DRUG	267.17	UPDATE-SINGLE-ANNOTATED-BRONZE	Bronze		C14H22N2O3	METKIMKYRPQLGS-GFCCVEGCSA-N	METKIMKYRPQLGS	Benzenoids	Benzene and substituted derivatives	Phenylacetamides	Peptide alkaloids	Simple amide alkaloids	Alkaloids	mzspec:GNPS:GNPS-LIBRARY:CCMSLIB00010144696
CCMSLIB00005883437	12333	spectra_filtered.mgf	GNPS_Drug_Library_Spectra_Drugs_and_Metabolites.mgf	0.988998	1360000.0	0	2.20324	4	0.000396729	180.066	1	temp/spectra_filtered.mgf12333	1	HIPPURATE - 30.0 eV	ESI	Orbitrap	Isolated	Madeleine Ernst	Anna Abrahamsson	M+H	180.066	0.0	1	495-69-2		OC(=O)CNC(=O)C1=CC=CC=C1	InChI=1S/C9H9NO3/c11-8(12)6-10-9(13)7-4-2-1-3-5-7/h1-5H,6H2,(H,10,13)(H,11,12)		1	Positive	GNPS-LIBRARY	180.066	UPDATE-SINGLE-ANNOTATED-GOLD	Gold		C9H9NO3	QIAFMBKCNZACKA-UHFFFAOYSA-N	QIAFMBKCNZACKA	Benzenoids	Benzene and substituted derivatives	Benzoic acids and derivatives	Small peptides	Aminoacids	Amino acids and Peptides	mzspec:GNPS:GNPS-LIBRARY:CCMSLIB00005883437
CCMSLIB00010139512	8668	spectra_filtered.mgf	GNPS_Drug_Library_Spectra_Drugs_and_Metabolites.mgf	0.987602	4204000.0	0	0.455162	15	0.00012207	268.191	1	temp/spectra_filtered.mgf8668	1	metoprolol	ESI	Orbitrap	Crude	Tomas Pluskal	Corinna Brungs	M+H	268.191	267.183	1			COCCc1ccc(OCC(O)CNC(C)C)cc1	"""InChI=1S/C15H25NO3/c1-12(2)16-10-14(17)11-19-15-6-4-13(5-7-15)8-9-18-3/h4-7,12,14,16-17H,8-11H2,1-3H3"""	IUBSYMUCCVWXPE-UHFFFAOYSA-N	3	Positive	MCE-DRUG	268.191	UPDATE-SINGLE-ANNOTATED-BRONZE	Bronze		C15H25NO3	IUBSYMUCCVWXPE-UHFFFAOYSA-N	IUBSYMUCCVWXPE				Pseudoalkaloids	Phenylalanine-derived alkaloids	Alkaloids	mzspec:GNPS:GNPS-LIBRARY:CCMSLIB00010139512
CCMSLIB00006679632	10598	spectra_filtered.mgf	GNPS_Drug_Library_Spectra_Drugs_and_Metabolites.mgf	0.986099	2467000.0	0	1.69377	3	0.000305176	180.175	1	temp/spectra_filtered.mgf10598	1	MEMANTINE	ESI	Orbitrap	isolated	MoNA	MoNA:MoNA037584	M+H	180.175	0.0	1			CC12CC3CC(C)(C1)CC(C3)(C2)N	"""InChI=1S/C12H21N/c1-10-3-9-4-11(2,6-10)8-12(13,5-9)7-10/h9H,3-8,13H2,1-2H3"""		3	positive	MONA	180.175	UPDATE-SINGLE-ANNOTATED-BRONZE	Bronze		C12H21N	BUGYDGFZZOZRHP-UHFFFAOYSA-N	BUGYDGFZZOZRHP	Organic nitrogen compounds	Organonitrogen compounds	Amines	Sesquiterpenoids		Terpenoids	mzspec:GNPS:GNPS-LIBRARY:CCMSLIB00006679632
CCMSLIB00003136942	7137	spectra_filtered.mgf	GNPS_Drug_Library_Spectra_Drugs_and_Metabolites.mgf	0.983103	813000.0	0	0.314521	6	9.15527e-05	291.086	1	temp/spectra_filtered.mgf7137	1	Spectral Match to (-)-Epicatechin from NIST14	ESI	Q-TOF	Isolated	Data from System Wide MS course 	Data deposited by daniel	M+H	291.086	0.0	1	490460					3	Positive	GNPS-NIST14-MATCHES	291.086	UPDATE-SINGLE-ANNOTATED-BRONZE	Bronze											mzspec:GNPS:GNPS-LIBRARY:CCMSLIB00003136942
CCMSLIB00000578020	1402	spectra_filtered.mgf	GNPS_Drug_Library_Spectra_Drugs_and_Metabolites.mgf	0.983048	11810000.0	0	9.49688	11	0.00209045	220.118	1	temp/spectra_filtered.mgf1402	1	D-PANTOTHENIC ACID	LC-ESI	Q-Exactive Plus	Commercial standard	Alexandrov Theodore	Prasad	M+H	220.12	219.111	0	137-08-6	6613	C(CCNC([C@H](O)C(C)(C)CO)=O)(=O)O	InChI=1S/C9H17NO5/c1-9(2,5-11)7(14)8(15)10-4-3-6(12)13/h7,11,14H,3-5H2,1-2H3,(H,10,15)(H,12,13)/t7-/m0/s1		1	Positive	GNPS-EMBL-MCF	220.12	UPDATE-SINGLE-ANNOTATED-GOLD	Gold		C9H17NO5	GHOKWGTUZJEAQD-ZETCQYMHSA-N	GHOKWGTUZJEAQD	Organic oxygen compounds	Organooxygen compounds	Alcohols and polyols	Small peptides	Dipeptides	Amino acids and Peptides	mzspec:GNPS:GNPS-LIBRARY:CCMSLIB00000578020
CCMSLIB00005763535	14953	spectra_filtered.mgf	GNPS_Drug_Library_Spectra_Drugs_and_Metabolites.mgf	0.980336	84000.0	0	0.29618	3	9.15527e-05	309.112	1	temp/spectra_filtered.mgf14953	1	Massbank:LU037702 Warfarin|4-hydroxy-3-(3-oxo-1-phenylbutyl)chromen-2-one	ESI	Hybrid FT	Isolated	Massbank	Massbank	M+H	309.112	0.0	1	81-81-2		CC(=O)CC(C1=CC=CC=C1)C1=C(O)C2=CC=CC=C2OC1=O	1S/C19H16O4/c1-12(20)11-15(13-7-3-2-4-8-13)17-18(21)14-9-5-6-10-16(14)23-19(17)22/h2-10,15,21H,11H2,1H3		3	Positive	MASSBANK	309.112	UPDATE-SINGLE-ANNOTATED-BRONZE	Bronze		C19H16O4	PJVWKTKQMONHTI-UHFFFAOYSA-N	PJVWKTKQMONHTI	Phenylpropanoids and polyketides	Coumarins and derivatives	Hydroxycoumarins	Coumarins	Simple coumarins	Shikimates and Phenylpropanoids	mzspec:GNPS:GNPS-LIBRARY:CCMSLIB00005763535
CCMSLIB00005775830	13789	spectra_filtered.mgf	GNPS_Drug_Library_Spectra_Drugs_and_Metabolites.mgf	0.980248	3986000.0	0	0.0	13	0.0	278.19	1	temp/spectra_filtered.mgf13789	1	Massbank:AU150406 Amitriptyline|3-(5,6-dihydrodibenzo[2,1-b:2`,1`-f][7]annulen-11-ylidene)-N,N-dimethylpropan-1-amine	ESI	qTof	Isolated	Massbank	Massbank	M+H	278.19	0.0	1	50-48-6		CN(C)CCC=C1c2ccccc2CCc3c1cccc3	1S/C20H23N/c1-21(2)15-7-12-20-18-10-5-3-8-16(18)13-14-17-9-4-6-11-19(17)20/h3-6,8-12H,7,13-15H2,1-2H3		3	Positive	MASSBANK	278.19	UPDATE-SINGLE-ANNOTATED-BRONZE	Bronze		C20H23N	KRMDCWKBEZIMAB-UHFFFAOYSA-N	KRMDCWKBEZIMAB							mzspec:GNPS:GNPS-LIBRARY:CCMSLIB00005775830
CCMSLIB00005884703	1419	spectra_filtered.mgf	GNPS_Drug_Library_Spectra_Drugs_and_Metabolites.mgf	0.979965	135000.0	0	2.85808	5	0.000297546	104.107	1	temp/spectra_filtered.mgf1419	1	4-AMINOBUTANOATE - 50.0 eV	ESI	Orbitrap	Isolated	Madeleine Ernst	Anna Abrahamsson	M+H	104.107	0.0	1	13031-60-2		NCCCC(O)=O	InChI=1S/C4H9NO2/c5-3-1-2-4(6)7/h1-3,5H2,(H,6,7)		1	Positive	GNPS-LIBRARY	104.107	UPDATE-SINGLE-ANNOTATED-GOLD	Gold		C4H9NO2	BTCSSZJGUNDROE-UHFFFAOYSA-N	BTCSSZJGUNDROE	Organic acids and derivatives	Carboxylic acids and derivatives	Amino acids, peptides, and analogues	Small peptides	Aminoacids	Amino acids and Peptides	mzspec:GNPS:GNPS-LIBRARY:CCMSLIB00005884703
CCMSLIB00006113036	1076	spectra_filtered.mgf	GNPS_Drug_Library_Spectra_Drugs_and_Metabolites.mgf	0.979141	141000.0	0	1.47983	2	0.000198364	134.045	1	temp/spectra_filtered.mgf1076	1	D-Aspartatic acid - 40.0 eV	ESI	Orbitrap	Isolated	PI	Data Collector	M+H	134.045	0.0	1			C([C@H](C(=O)O)N)C(=O)O	InChI=1S/C4H7NO4/c5-2(4(8)9)1-3(6)7/h2H,1,5H2,(H,6,7)(H,8,9)/t2-/m1/s1		1	Positive	BIRMINGHAM-UHPLC-MS-POS	134.045	UPDATE-SINGLE-ANNOTATED-GOLD	Gold		C4H7NO4	CKLJMWTZIZZHCS-UWTATZPHSA-N	CKLJMWTZIZZHCS	Organic acids and derivatives	Carboxylic acids and derivatives	Amino acids, peptides, and analogues	Small peptides	Aminoacids	Amino acids and Peptides	mzspec:GNPS:GNPS-LIBRARY:CCMSLIB00006113036
CCMSLIB00005774689	14884	spectra_filtered.mgf	GNPS_Drug_Library_Spectra_Drugs_and_Metabolites.mgf	0.97891	2609000.0	0	0.610053	5	0.000183105	300.147	1	temp/spectra_filtered.mgf14884	1	Massbank:AU228902 Metoclopramide|4-amino-5-chloro-N-[2-(diethylamino)ethyl]-2-methoxybenzamide	ESI	qTof	Isolated	Massbank	Massbank	M+H	300.147	0.0	1	364-62-5		CCN(CC)CCNC(=O)c1cc(c(cc1OC)N)Cl	1S/C14H22ClN3O2/c1-4-18(5-2)7-6-17-14(19)10-8-11(15)12(16)9-13(10)20-3/h8-9H,4-7,16H2,1-3H3,(H,17,19)		3	Positive	MASSBANK	300.147	UPDATE-SINGLE-ANNOTATED-BRONZE	Bronze		C14H22ClN3O2	TTWJBBZEZQICBI-UHFFFAOYSA-N	TTWJBBZEZQICBI	Benzenoids	Phenol ethers	Aminophenyl ethers			Alkaloids	mzspec:GNPS:GNPS-LIBRARY:CCMSLIB00005774689
CCMSLIB00006678714	5806	spectra_filtered.mgf	GNPS_Drug_Library_Spectra_Drugs_and_Metabolites.mgf	0.976643	241000.0	0	4.26418	2	0.00050354	118.087	1	temp/spectra_filtered.mgf5806	1	BETAINE	ESI	Orbitrap	isolated	MoNA	MoNA:MoNA038708	M+H	118.086	0.0	1			C[N+](C)(C)CC(=O)[O-]	"""InChI=1S/C5H11NO2/c1-6(2,3)4-5(7)8/h4H2,1-3H3"""		3	positive	MONA	118.086	UPDATE-SINGLE-ANNOTATED-BRONZE	Bronze			KWIUHFFTVRNATP-UHFFFAOYSA-N	KWIUHFFTVRNATP	Organic acids and derivatives	Carboxylic acids and derivatives	Amino acids, peptides, and analogues				mzspec:GNPS:GNPS-LIBRARY:CCMSLIB00006678714
CCMSLIB00005753343	13859	spectra_filtered.mgf	GNPS_Drug_Library_Spectra_Drugs_and_Metabolites.mgf	0.975806	9570000.0	0	0.78078	9	0.000198364	254.059	1	temp/spectra_filtered.mgf13859	1	Massbank: Sulfamethoxazole|4-Amino-N-(5-methyl-1,2-oxazol-3-yl)benzene-1-sulfonamide	ESI	Hybrid FT	Isolated	Massbank	Massbank	M+H	254.059	0.0	1	723-46-6		CC1=CC(NS(=O)(=O)C2=CC=C(N)C=C2)=NO1	1S/C10H11N3O3S/c1-7-6-10(12-16-7)13-17(14,15)9-4-2-8(11)3-5-9/h2-6H,11H2,1H3,(H,12,13)		3	Positive	MASSBANK	254.059	UPDATE-SINGLE-ANNOTATED-BRONZE	Bronze		C10H11N3O3S	JLKIGFTWXXRPMT-UHFFFAOYSA-N	JLKIGFTWXXRPMT	Benzenoids	Benzene and substituted derivatives	Benzenesulfonamides				mzspec:GNPS:GNPS-LIBRARY:CCMSLIB00005753343
CCMSLIB00003135401	13788	spectra_filtered.mgf	GNPS_Drug_Library_Spectra_Drugs_and_Metabolites.mgf	0.975355	5609000.0	0	1.03969	11	0.000274658	264.174	1	temp/spectra_filtered.mgf13788	1	Spectral Match to Nortriptyline from NIST14	ESI	qTof	Isolated	Data from Joshua Wollam	Data deposited by fevargas	M+H	264.174	263.167	1	72695		CNCCC=C1C2=CC=CC=C2CCC3=CC=CC=C31	InChI=1S/C19H21N/c1-20-14-6-11-19-17-9-4-2-7-15(17)12-13-16-8-3-5-10-18(16)19/h2-5,7-11,20H,6,12-14H2,1H3		3	Positive	GNPS-NIST14-MATCHES	264.174	UPDATE-SINGLE-ANNOTATED-BRONZE	Bronze		C19H21N	PHVGLTMQBUFIQQ-UHFFFAOYSA-N	PHVGLTMQBUFIQQ						Shikimates and Phenylpropanoids	mzspec:GNPS:GNPS-LIBRARY:CCMSLIB00003135401
CCMSLIB00003134732	6390	spectra_filtered.mgf	GNPS_Drug_Library_Spectra_Drugs_and_Metabolites.mgf	0.974452	490000.0	0	1.32116	7	0.000396729	300.289	1	temp/spectra_filtered.mgf6390	1	Spectral Match to Palmitoyl ethanolamide from NIST14	ESI	qTof	Isolated	Data from Pieter Dorrestein	Data deposited by lfnothias	M+H	300.289	299.282	1	544310		CCCCCCCCCCCCCCCC(=O)NCCO	InChI=1S/C18H37NO2/c1-2-3-4-5-6-7-8-9-10-11-12-13-14-15-18(21)19-16-17-20/h20H,2-17H2,1H3,(H,19,21)		3	Positive	GNPS-NIST14-MATCHES	300.289	UPDATE-SINGLE-ANNOTATED-BRONZE	Bronze		C18H37NO2	HXYVTAGFYLMHSO-UHFFFAOYSA-N	HXYVTAGFYLMHSO	Organic acids and derivatives	Carboximidic acids and derivatives	Carboximidic acids	Fatty amides	N-acyl ethanolamines (endocannabinoids)	Fatty acids	mzspec:GNPS:GNPS-LIBRARY:CCMSLIB00003134732
CCMSLIB00005738598	2618	spectra_filtered.mgf	GNPS_Drug_Library_Spectra_Drugs_and_Metabolites.mgf	0.973598	7964000.0	0	0.453645	6	0.00012207	269.088	1	temp/spectra_filtered.mgf2618	1	Massbank:RP011001 Inosine|9-[(2R,3R,4S,5R)-3,4-dihydroxy-5-(hydroxymethyl)oxolan-2-yl]-3H-purin-6-one	ESI	qTof	Isolated	Massbank	Massbank	M+H	269.088	0.0	1	58-63-9		OC[C@H]1O[C@H]([C@H](O)[C@@H]1O)N1C=NC2=C(O)N=CN=C12	1S/C10H12N4O5/c15-1-4-6(16)7(17)10(19-4)14-3-13-5-8(14)11-2-12-9(5)18/h2-4,6-7,10,15-17H,1H2,(H,11,12,18)/t4-,6-,7-,10-/m1/s1		3	Positive	MASSBANK	269.088	UPDATE-SINGLE-ANNOTATED-BRONZE	Bronze		C10H12N4O5	UGQMRVRMYYASKQ-KQYNXXCUSA-N	UGQMRVRMYYASKQ				Nucleosides	Purine nucleos(t)ides	Carbohydrates	mzspec:GNPS:GNPS-LIBRARY:CCMSLIB00005738598
CCMSLIB00003136878	15103	spectra_filtered.mgf	GNPS_Drug_Library_Spectra_Drugs_and_Metabolites.mgf	0.972934	506000.0	0	0.422018	4	0.000106812	253.097	1	temp/spectra_filtered.mgf15103	1	Spectral Match to Phenytoin from NIST14	ESI	QQQ	Isolated	Data from Joshua Wollam	Data deposited by fevargas	M+H	253.097	252.09	1	57410		C1=CC=C(C=C1)C2(C(=O)NC(=O)N2)C3=CC=CC=C3	InChI=1S/C15H12N2O2/c18-13-15(17-14(19)16-13,11-7-3-1-4-8-11)12-9-5-2-6-10-12/h1-10H,(H2,16,17,18,19)		3	Positive	GNPS-NIST14-MATCHES	253.097	UPDATE-SINGLE-ANNOTATED-BRONZE	Bronze		C15H12N2O2	CXOFVDLJLONNDW-UHFFFAOYSA-N	CXOFVDLJLONNDW	Organoheterocyclic compounds	Azolidines	Imidazolidines			Alkaloids	mzspec:GNPS:GNPS-LIBRARY:CCMSLIB00003136878
CCMSLIB00005776156	10377	spectra_filtered.mgf	GNPS_Drug_Library_Spectra_Drugs_and_Metabolites.mgf	0.972589	4490000.0	0	1.89948	9	0.000518799	273.126	1	temp/spectra_filtered.mgf10377	1	Massbank:AU238306 Sotalol|N-[4-[1-hydroxy-2-(propan-2-ylamino)ethyl]phenyl]methanesulfonamide	ESI	qTof	Isolated	Massbank	Massbank	M+H	273.127	0.0	1	959-24-0		CC(C)NCC(O)C1=CC=C(NS(C)(=O)=O)C=C1	1S/C12H20N2O3S/c1-9(2)13-8-12(15)10-4-6-11(7-5-10)14-18(3,16)17/h4-7,9,12-15H,8H2,1-3H3		3	Positive	MASSBANK	273.127	UPDATE-SINGLE-ANNOTATED-BRONZE	Bronze		C12H20N2O3S	ZBMZVLHSJCTVON-UHFFFAOYSA-N	ZBMZVLHSJCTVON	Benzenoids	Benzene and substituted derivatives	Sulfanilides	Tyrosine alkaloids	Phenylethylamines	Alkaloids	mzspec:GNPS:GNPS-LIBRARY:CCMSLIB00005776156
CCMSLIB00005776039	7269	spectra_filtered.mgf	GNPS_Drug_Library_Spectra_Drugs_and_Metabolites.mgf	0.971941	12813000.0	0	0.299113	11	9.15527e-05	306.081	1	temp/spectra_filtered.mgf7269	1	Massbank:AU150006 Sertraline|(1S,4S)-4-(3,4-dichlorophenyl)-N-methyl-1,2,3,4-tetrahydronaphthalen-1-amine	ESI	qTof	Isolated	Massbank	Massbank	M+H	306.081	0.0	1	79559-97-0		CN[C@H]1CC[C@@H](C2=CC=C(Cl)C(Cl)=C2)C2=CC=CC=C12	1S/C17H17Cl2N/c1-20-17-9-7-12(13-4-2-3-5-14(13)17)11-6-8-15(18)16(19)10-11/h2-6,8,10,12,17,20H,7,9H2,1H3/t12-,17-/m0/s1		3	Positive	MASSBANK	306.081	UPDATE-SINGLE-ANNOTATED-BRONZE	Bronze		C17H17Cl2N	VGKDLMBJGBXTGI-SJCJKPOMSA-N	VGKDLMBJGBXTGI	Benzenoids	Tetralins	Tametralines			Shikimates and Phenylpropanoids	mzspec:GNPS:GNPS-LIBRARY:CCMSLIB00005776039
CCMSLIB00006678714	1986	spectra_filtered.mgf	GNPS_Drug_Library_Spectra_Drugs_and_Metabolites.mgf	0.971921	217000.0	0	4.26418	2	0.00050354	118.087	1	temp/spectra_filtered.mgf1986	1	BETAINE	ESI	Orbitrap	isolated	MoNA	MoNA:MoNA038708	M+H	118.086	0.0	1			C[N+](C)(C)CC(=O)[O-]	"""InChI=1S/C5H11NO2/c1-6(2,3)4-5(7)8/h4H2,1-3H3"""		3	positive	MONA	118.086	UPDATE-SINGLE-ANNOTATED-BRONZE	Bronze			KWIUHFFTVRNATP-UHFFFAOYSA-N	KWIUHFFTVRNATP	Organic acids and derivatives	Carboxylic acids and derivatives	Amino acids, peptides, and analogues				mzspec:GNPS:GNPS-LIBRARY:CCMSLIB00006678714
CCMSLIB00005776263	4613	spectra_filtered.mgf	GNPS_Drug_Library_Spectra_Drugs_and_Metabolites.mgf	0.971517	2130000.0	0	7.87294	11	0.00219727	279.093	1	temp/spectra_filtered.mgf4613	1	Massbank:AU100806 Sulfamethazine|4-amino-N-(4,6-dimethylpyrimidin-2-yl)benzenesulfonamide	ESI	qTof	Isolated	Massbank	Massbank	M+H	279.091	0.0	1	57-68-1		CC1=CC(C)=NC(NS(=O)(=O)C2=CC=C(N)C=C2)=N1	1S/C12H14N4O2S/c1-8-7-9(2)15-12(14-8)16-19(17,18)11-5-3-10(13)4-6-11/h3-7H,13H2,1-2H3,(H,14,15,16)		3	Positive	MASSBANK	279.091	UPDATE-SINGLE-ANNOTATED-BRONZE	Bronze		C12H14N4O2S	ASWVTGNCAZCNNR-UHFFFAOYSA-N	ASWVTGNCAZCNNR	Benzenoids	Benzene and substituted derivatives	Benzenesulfonamides			Alkaloids	mzspec:GNPS:GNPS-LIBRARY:CCMSLIB00005776263
CCMSLIB00000221812	1747	spectra_filtered.mgf	GNPS_Drug_Library_Spectra_Drugs_and_Metabolites.mgf	0.971349	52630000.0	0	4.77236	6	0.000701904	147.076	1	temp/spectra_filtered.mgf1747	1	Massbank:PB000467 Glutamine|2,5-diamino-5-oxopentanoic acid	ESI	LC-ESI-QTOF	Isolated	Putative Massbank Match	Massbank	[M+H]+	147.077	0.0	1			C(CC(=O)N)C(C(=O)O)N	1S/C5H10N2O3/c6-3(5(9)10)1-2-4(7)8/h3H,1-2,6H2,(H2,7,8)(H,9,10)		3	Positive	MASSBANK	147.077	UPDATE-SINGLE-ANNOTATED-BRONZE	Bronze		C5H10N2O3	ZDXPYRJPNDTMRX-UHFFFAOYSA-N	ZDXPYRJPNDTMRX	Organic acids and derivatives	Carboxylic acids and derivatives	Amino acids, peptides, and analogues	Small peptides	Aminoacids	Amino acids and Peptides	mzspec:GNPS:GNPS-LIBRARY:CCMSLIB00000221812
CCMSLIB00003136835	14941	spectra_filtered.mgf	GNPS_Drug_Library_Spectra_Drugs_and_Metabolites.mgf	0.971114	331000.0	0	1.46809	5	0.000198364	135.117	1	temp/spectra_filtered.mgf14941	1	Spectral Match to Amantadine from NIST14	ESI	HCD	Isolated	Data from Joshua Wollam	Data deposited by fevargas	M+H-NH3	135.117	0.0	1	768945					3	Positive	GNPS-NIST14-MATCHES	135.117	UPDATE-SINGLE-ANNOTATED-BRONZE	Bronze											mzspec:GNPS:GNPS-LIBRARY:CCMSLIB00003136835
CCMSLIB00006678871	4894	spectra_filtered.mgf	GNPS_Drug_Library_Spectra_Drugs_and_Metabolites.mgf	0.970808	226000.0	0	4.26418	2	0.00050354	118.087	1	temp/spectra_filtered.mgf4894	1	BETAINE	ESI	Orbitrap	isolated	MoNA	MoNA:MoNA038509	M+H	118.086	0.0	1			C[N+](C)(C)CC(=O)[O-]	"""InChI=1S/C5H11NO2/c1-6(2,3)4-5(7)8/h4H2,1-3H3"""		3	positive	MONA	118.086	UPDATE-SINGLE-ANNOTATED-BRONZE	Bronze			KWIUHFFTVRNATP-UHFFFAOYSA-N	KWIUHFFTVRNATP	Organic acids and derivatives	Carboxylic acids and derivatives	Amino acids, peptides, and analogues				mzspec:GNPS:GNPS-LIBRARY:CCMSLIB00006678871
CCMSLIB00006678714	4570	spectra_filtered.mgf	GNPS_Drug_Library_Spectra_Drugs_and_Metabolites.mgf	0.970193	223000.0	0	3.42427	2	0.000404358	118.086	1	temp/spectra_filtered.mgf4570	1	BETAINE	ESI	Orbitrap	isolated	MoNA	MoNA:MoNA038708	M+H	118.086	0.0	1			C[N+](C)(C)CC(=O)[O-]	"""InChI=1S/C5H11NO2/c1-6(2,3)4-5(7)8/h4H2,1-3H3"""		3	positive	MONA	118.086	UPDATE-SINGLE-ANNOTATED-BRONZE	Bronze			KWIUHFFTVRNATP-UHFFFAOYSA-N	KWIUHFFTVRNATP	Organic acids and derivatives	Carboxylic acids and derivatives	Amino acids, peptides, and analogues				mzspec:GNPS:GNPS-LIBRARY:CCMSLIB00006678714
CCMSLIB00000209699	12197	spectra_filtered.mgf	GNPS_Drug_Library_Spectra_Drugs_and_Metabolites.mgf	0.969945	3984000.0	0	2.14108	2	0.00050354	235.18	1	temp/spectra_filtered.mgf12197	1	Massbank:EA257209 Lidocaine|2-(diethylamino)-N-(2,6-dimethylphenyl)acetamide	ESI	LC-ESI-ITFT	Isolated	Putative Massbank Match	Massbank	[M+H]+	235.18	0.0	1	137-58-6		CCN(CC)CC(=O)NC1=C(C)C=CC=C1C	1S/C14H22N2O/c1-5-16(6-2)10-13(17)15-14-11(3)8-7-9-12(14)4/h7-9H,5-6,10H2,1-4H3,(H,15,17)		3	Positive	MASSBANK	235.18	UPDATE-SINGLE-ANNOTATED-BRONZE	Bronze		C14H22N2O	NNJVILVZKWQKPM-UHFFFAOYSA-N	NNJVILVZKWQKPM	Benzenoids	Benzene and substituted derivatives	Xylenes			Alkaloids	mzspec:GNPS:GNPS-LIBRARY:CCMSLIB00000209699
CCMSLIB00003139814	11288	spectra_filtered.mgf	GNPS_Drug_Library_Spectra_Drugs_and_Metabolites.mgf	0.969748	371000.0	0	7.72729	4	0.00567627	734.568	1	temp/spectra_filtered.mgf11288	1	Spectral Match to 1,2-Dihexadecanoyl-sn-glycero-3-phosphocholine from NIST14	ESI	qTof	Isolated	Data from McKerrow	Data deposited by lamccall	M+H	734.574	733.562	1	63898		CCCCCCCCCCCCCCCC(=O)OC[C@H](COP(=O)([O-])OCC[N+](C)(C)C)OC(=O)CCCCCCCCCCCCCCC	InChI=1S/C40H80NO8P/c1-6-8-10-12-14-16-18-20-22-24-26-28-30-32-39(42)46-36-38(37-48-50(44,45)47-35-34-41(3,4)5)49-40(43)33-31-29-27-25-23-21-19-17-15-13-11-9-7-2/h38H,6-37H2,1-5H3/t38-/m1/s1		3	Positive	GNPS-NIST14-MATCHES	734.574	UPDATE-SINGLE-ANNOTATED-BRONZE	Bronze			KILNVBDSWZSGLL-KXQOOQHDSA-N	KILNVBDSWZSGLL	Lipids and lipid-like molecules	Glycerophospholipids	Glycerophosphocholines				mzspec:GNPS:GNPS-LIBRARY:CCMSLIB00003139814
CCMSLIB00005775931	10038	spectra_filtered.mgf	GNPS_Drug_Library_Spectra_Drugs_and_Metabolites.mgf	0.969701	2220000.0	0	0.455225	13	0.00012207	268.154	1	temp/spectra_filtered.mgf10038	1	Massbank:AU202506 Atenolol acid|Metoprolol acid|2-[4-[2-hydroxy-3-(propan-2-ylamino)propoxy]phenyl]acetic acid	ESI	qTof	Isolated	Massbank	Massbank	M+H	268.154	0.0	1	56392-14-4		CC(C)NCC(O)COC1=CC=C(CC(O)=O)C=C1	1S/C14H21NO4/c1-10(2)15-8-12(16)9-19-13-5-3-11(4-6-13)7-14(17)18/h3-6,10,12,15-16H,7-9H2,1-2H3,(H,17,18)		3	Positive	MASSBANK	268.154	UPDATE-SINGLE-ANNOTATED-BRONZE	Bronze		C14H21NO4	PUQIRTNPJRFRCZ-UHFFFAOYSA-N	PUQIRTNPJRFRCZ				Pseudoalkaloids	Phenylalanine-derived alkaloids	Alkaloids	mzspec:GNPS:GNPS-LIBRARY:CCMSLIB00005775931
CCMSLIB00005773777	12118	spectra_filtered.mgf	GNPS_Drug_Library_Spectra_Drugs_and_Metabolites.mgf	0.969382	107000.0	0	0.907764	4	0.000305176	336.184	1	temp/spectra_filtered.mgf12118	1	Massbank:AU274102 Hydroxychloroquine|2-[4-[(7-chloroquinolin-4-yl)amino]pentyl-ethylamino]ethanol	ESI	qTof	Isolated	Massbank	Massbank	M+H	336.184	0.0	1	747-36-4		CCN(CCO)CCCC(C)NC1=C2C=CC(Cl)=CC2=NC=C1	1S/C18H26ClN3O/c1-3-22(11-12-23)10-4-5-14(2)21-17-8-9-20-18-13-15(19)6-7-16(17)18/h6-9,13-14,23H,3-5,10-12H2,1-2H3,(H,20,21)		3	Positive	MASSBANK	336.184	UPDATE-SINGLE-ANNOTATED-BRONZE	Bronze		C18H26ClN3O	XXSMGPRMXLTPCZ-UHFFFAOYSA-N	XXSMGPRMXLTPCZ	Organoheterocyclic compounds	Quinolines and derivatives	Aminoquinolines and derivatives			Alkaloids	mzspec:GNPS:GNPS-LIBRARY:CCMSLIB00005773777
CCMSLIB00005776263	1095	spectra_filtered.mgf	GNPS_Drug_Library_Spectra_Drugs_and_Metabolites.mgf	0.969295	11254000.0	0	2.51497	11	0.000701904	279.092	1	temp/spectra_filtered.mgf1095	1	Massbank:AU100806 Sulfamethazine|4-amino-N-(4,6-dimethylpyrimidin-2-yl)benzenesulfonamide	ESI	qTof	Isolated	Massbank	Massbank	M+H	279.091	0.0	1	57-68-1		CC1=CC(C)=NC(NS(=O)(=O)C2=CC=C(N)C=C2)=N1	1S/C12H14N4O2S/c1-8-7-9(2)15-12(14-8)16-19(17,18)11-5-3-10(13)4-6-11/h3-7H,13H2,1-2H3,(H,14,15,16)		3	Positive	MASSBANK	279.091	UPDATE-SINGLE-ANNOTATED-BRONZE	Bronze		C12H14N4O2S	ASWVTGNCAZCNNR-UHFFFAOYSA-N	ASWVTGNCAZCNNR	Benzenoids	Benzene and substituted derivatives	Benzenesulfonamides			Alkaloids	mzspec:GNPS:GNPS-LIBRARY:CCMSLIB00005776263
CCMSLIB00006672972	6418	spectra_filtered.mgf	GNPS_Drug_Library_Spectra_Drugs_and_Metabolites.mgf	0.968545	31000.0	0	3.67194	2	0.00050354	137.133	1	temp/spectra_filtered.mgf6418	1	1_8_cineole	ESI	Orbitrap	Commercial	Ulaszewska	Marynka Ulaszewska	M-H2O+H	137.132	154.136	1	470-82-8	2758.0	CC1(C2CCC(O1)(CC2)C)C	InChI=1S/C10H18O/c1-9(2)8-4-6-10(3,11-9)7-5-8/h8H,4-7H2,1-3H3		1	Positive	GNPS-NUTRI-METAB-FEM-POS	137.132	UPDATE-SINGLE-ANNOTATED-GOLD	Gold		C10H18O	WEEGYLXZBRQIMU-UHFFFAOYSA-N	WEEGYLXZBRQIMU				Monoterpenoids	Menthane monoterpenoids|Monocyclic monoterpenoids	Terpenoids	mzspec:GNPS:GNPS-LIBRARY:CCMSLIB00006672972
CCMSLIB00003139814	5078	spectra_filtered.mgf	GNPS_Drug_Library_Spectra_Drugs_and_Metabolites.mgf	0.967779	570000.0	0	7.47803	4	0.00549316	734.568	1	temp/spectra_filtered.mgf5078	1	Spectral Match to 1,2-Dihexadecanoyl-sn-glycero-3-phosphocholine from NIST14	ESI	qTof	Isolated	Data from McKerrow	Data deposited by lamccall	M+H	734.574	733.562	1	63898		CCCCCCCCCCCCCCCC(=O)OC[C@H](COP(=O)([O-])OCC[N+](C)(C)C)OC(=O)CCCCCCCCCCCCCCC	InChI=1S/C40H80NO8P/c1-6-8-10-12-14-16-18-20-22-24-26-28-30-32-39(42)46-36-38(37-48-50(44,45)47-35-34-41(3,4)5)49-40(43)33-31-29-27-25-23-21-19-17-15-13-11-9-7-2/h38H,6-37H2,1-5H3/t38-/m1/s1		3	Positive	GNPS-NIST14-MATCHES	734.574	UPDATE-SINGLE-ANNOTATED-BRONZE	Bronze			KILNVBDSWZSGLL-KXQOOQHDSA-N	KILNVBDSWZSGLL	Lipids and lipid-like molecules	Glycerophospholipids	Glycerophosphocholines				mzspec:GNPS:GNPS-LIBRARY:CCMSLIB00003139814
CCMSLIB00003139814	10497	spectra_filtered.mgf	GNPS_Drug_Library_Spectra_Drugs_and_Metabolites.mgf	0.966919	273000.0	0	7.14567	4	0.00524902	734.569	1	temp/spectra_filtered.mgf10497	1	Spectral Match to 1,2-Dihexadecanoyl-sn-glycero-3-phosphocholine from NIST14	ESI	qTof	Isolated	Data from McKerrow	Data deposited by lamccall	M+H	734.574	733.562	1	63898		CCCCCCCCCCCCCCCC(=O)OC[C@H](COP(=O)([O-])OCC[N+](C)(C)C)OC(=O)CCCCCCCCCCCCCCC	InChI=1S/C40H80NO8P/c1-6-8-10-12-14-16-18-20-22-24-26-28-30-32-39(42)46-36-38(37-48-50(44,45)47-35-34-41(3,4)5)49-40(43)33-31-29-27-25-23-21-19-17-15-13-11-9-7-2/h38H,6-37H2,1-5H3/t38-/m1/s1		3	Positive	GNPS-NIST14-MATCHES	734.574	UPDATE-SINGLE-ANNOTATED-BRONZE	Bronze			KILNVBDSWZSGLL-KXQOOQHDSA-N	KILNVBDSWZSGLL	Lipids and lipid-like molecules	Glycerophospholipids	Glycerophosphocholines				mzspec:GNPS:GNPS-LIBRARY:CCMSLIB00003139814
CCMSLIB00005775760	10792	spectra_filtered.mgf	GNPS_Drug_Library_Spectra_Drugs_and_Metabolites.mgf	0.966898	8945000.0	0	1.24843	3	0.000213623	171.113	1	temp/spectra_filtered.mgf10792	1	Massbank:AU160508 Levetiracetam|LEVITIRACETAM|(2R)-2-(2-oxopyrrolidin-1-yl)butanamide	ESI	qTof	Isolated	Massbank	Massbank	M+H	171.113	0.0	1	102767-28-2		CC[C@H](C(=O)N)N1CCCC1=O	1S/C8H14N2O2/c1-2-6(8(9)12)10-5-3-4-7(10)11/h6H,2-5H2,1H3,(H2,9,12)/t6-/m1/s1		3	Positive	MASSBANK	171.113	UPDATE-SINGLE-ANNOTATED-BRONZE	Bronze		C8H14N2O2	HPHUVLMMVZITSG-ZCFIWIBFSA-N	HPHUVLMMVZITSG	Organic acids and derivatives	Carboxylic acids and derivatives	Amino acids, peptides, and analogues	Ornithine alkaloids	Pyrrolidine alkaloids	Alkaloids	mzspec:GNPS:GNPS-LIBRARY:CCMSLIB00005775760
CCMSLIB00006116752	7791	spectra_filtered.mgf	GNPS_Drug_Library_Spectra_Drugs_and_Metabolites.mgf	0.966621	784000.0	0	0.472386	5	0.000305176	646.031	1	temp/spectra_filtered.mgf7791	1	Amiodarone - 40.0 eV	ESI	Orbitrap	Isolated	PI	Data Collector	M+H	646.031	0.0	1			CCCCc1c(c2ccccc2o1)C(=O)c3cc(c(c(c3)I)OCCN(CC)CC)I	InChI=1S/C25H29I2NO3/c1-4-7-11-22-23(18-10-8-9-12-21(18)31-22)24(29)17-15-19(26)25(20(27)16-17)30-14-13-28(5-2)6-3/h8-10,12,15-16H,4-7,11,13-14H2,1-3H3		1	Positive	BIRMINGHAM-UHPLC-MS-POS	646.031	UPDATE-SINGLE-ANNOTATED-GOLD	Gold		C25H29I2NO3	IYIKLHRQXLHMJQ-UHFFFAOYSA-N	IYIKLHRQXLHMJQ	Organic oxygen compounds	Organooxygen compounds	Carbonyl compounds				mzspec:GNPS:GNPS-LIBRARY:CCMSLIB00006116752
CCMSLIB00005772827	9052	spectra_filtered.mgf	GNPS_Drug_Library_Spectra_Drugs_and_Metabolites.mgf	0.966463	2650000.0	0	0.0	13	0.0	325.171	1	temp/spectra_filtered.mgf9052	1	Massbank:AU151306 Citalopram|1-[3-(dimethylamino)propyl]-1-(4-fluorophenyl)-3H-2-benzofuran-5-carbonitrile	ESI	qTof	Isolated	Massbank	Massbank	M+H	325.171	0.0	1	59729-33-8		CN(C)CCCC1(OCC2=CC(=CC=C12)C#N)C1=CC=C(F)C=C1	1S/C20H21FN2O/c1-23(2)11-3-10-20(17-5-7-18(21)8-6-17)19-9-4-15(13-22)12-16(19)14-24-20/h4-9,12H,3,10-11,14H2,1-2H3		3	Positive	MASSBANK	325.171	UPDATE-SINGLE-ANNOTATED-BRONZE	Bronze			WSEQXVZVJXJVFP-UHFFFAOYSA-N	WSEQXVZVJXJVFP	Benzenoids	Benzene and substituted derivatives	Phenylbutylamines				mzspec:GNPS:GNPS-LIBRARY:CCMSLIB00005772827
CCMSLIB00003138938	3	spectra_filtered.mgf	GNPS_Drug_Library_Spectra_Drugs_and_Metabolites.mgf	0.964187	5141000.0	0	1.96204	12	0.000610352	311.081	1	temp/spectra_filtered.mgf3	1	Spectral Match to Sulfadimethoxine from NIST14	ESI	qTof	Isolated	Data from Joshua Wollam	Data deposited by fevargas	M+H	311.08	310.074	1	122112		COC1=NC(=NC(=C1)NS(=O)(=O)C2=CC=C(C=C2)N)OC	InChI=1S/C12H14N4O4S/c1-19-11-7-10(14-12(15-11)20-2)16-21(17,18)9-5-3-8(13)4-6-9/h3-7H,13H2,1-2H3,(H,14,15,16)		3	Positive	GNPS-NIST14-MATCHES	311.08	UPDATE-SINGLE-ANNOTATED-BRONZE	Bronze		C12H14N4O4S	ZZORFUFYDOWNEF-UHFFFAOYSA-N	ZZORFUFYDOWNEF	Benzenoids	Benzene and substituted derivatives	Benzenesulfonamides			Alkaloids	mzspec:GNPS:GNPS-LIBRARY:CCMSLIB00003138938
CCMSLIB00006678714	4635	spectra_filtered.mgf	GNPS_Drug_Library_Spectra_Drugs_and_Metabolites.mgf	0.963367	223000.0	0	3.42427	2	0.000404358	118.086	1	temp/spectra_filtered.mgf4635	1	BETAINE	ESI	Orbitrap	isolated	MoNA	MoNA:MoNA038708	M+H	118.086	0.0	1			C[N+](C)(C)CC(=O)[O-]	"""InChI=1S/C5H11NO2/c1-6(2,3)4-5(7)8/h4H2,1-3H3"""		3	positive	MONA	118.086	UPDATE-SINGLE-ANNOTATED-BRONZE	Bronze			KWIUHFFTVRNATP-UHFFFAOYSA-N	KWIUHFFTVRNATP	Organic acids and derivatives	Carboxylic acids and derivatives	Amino acids, peptides, and analogues				mzspec:GNPS:GNPS-LIBRARY:CCMSLIB00006678714
CCMSLIB00000841986	9535	spectra_filtered.mgf	GNPS_Drug_Library_Spectra_Drugs_and_Metabolites.mgf	0.96193	2495000.0	0	1.0673	5	0.000106812	100.076	1	temp/spectra_filtered.mgf9535	1	MassbankEU:SM869701 N-Methyl-2-pyrrolidone|1-Methyl-2-Pyrrolidinone|1-Methylpyrrolidin-2-one	ESI	LC-ESI-QFT	Isolated	Massbank EU	Massbank	[M+H]+	100.076	0.0	1	872-50-4		CN1CCCC1=O	1S/C5H9NO/c1-6-4-2-3-5(6)7/h2-4H2,1H3		3	Positive	MASSBANKEU	100.076	UPDATE-SINGLE-ANNOTATED-BRONZE	Bronze		C5H9NO	SECXISVLQFMRJM-UHFFFAOYSA-N	SECXISVLQFMRJM	Organoheterocyclic compounds	Pyrrolidines	N-alkylpyrrolidines	Ornithine alkaloids	Pyrrolidine alkaloids	Alkaloids	mzspec:GNPS:GNPS-LIBRARY:CCMSLIB00000841986
CCMSLIB00005760589	13760	spectra_filtered.mgf	GNPS_Drug_Library_Spectra_Drugs_and_Metabolites.mgf	0.961692	683000.0	0	1.09692	5	0.000305176	278.211	1	temp/spectra_filtered.mgf13760	1	Massbank:LU041702 Venlafaxine|1-[2-(dimethylamino)-1-(4-methoxyphenyl)ethyl]cyclohexan-1-ol	ESI	Hybrid FT	Isolated	Massbank	Massbank	M+H	278.211	0.0	1	93413-46-8		COC1=CC=C(C=C1)C(CN(C)C)C1(O)CCCCC1	1S/C17H27NO2/c1-18(2)13-16(17(19)11-5-4-6-12-17)14-7-9-15(20-3)10-8-14/h7-10,16,19H,4-6,11-13H2,1-3H3		3	Positive	MASSBANK	278.211	UPDATE-SINGLE-ANNOTATED-BRONZE	Bronze		C17H27NO2	PNVNVHUZROJLTJ-UHFFFAOYSA-N	PNVNVHUZROJLTJ	Benzenoids	Phenol ethers	Anisoles			Alkaloids	mzspec:GNPS:GNPS-LIBRARY:CCMSLIB00005760589
CCMSLIB00010011917	12178	spectra_filtered.mgf	GNPS_Drug_Library_Spectra_Drugs_and_Metabolites.mgf	0.960984	533000.0	0	2.69168	5	0.00100708	374.145	1	temp/spectra_filtered.mgf12178	1	prochlorperazine	LC-ESI	Orbitrap	Crude	Pieter C. Dorrestein	Haoqi Nina Zhao	M+H	374.146	373.138	1	58-38-8	 	Clc2cc1N(c3c(Sc1cc2)cccc3)CCCN4CCN(C)CC4	WIKYUJGCLQQFNW-UHFFFAOYSA-N	 	3	Positive	GNPS-LIBRARY	374.146	UPDATE-SINGLE-ANNOTATED-BRONZE	Bronze		C20H24ClN3S	WIKYUJGCLQQFNW-UHFFFAOYSA-N	WIKYUJGCLQQFNW	Organoheterocyclic compounds	Benzothiazines	Phenothiazines	Tryptophan alkaloids	Simple indole alkaloids	Alkaloids	mzspec:GNPS:GNPS-LIBRARY:CCMSLIB00010011917
CCMSLIB00003137661	4089	spectra_filtered.mgf	GNPS_Drug_Library_Spectra_Drugs_and_Metabolites.mgf	0.960978	229000.0	0	4.26418	3	0.00050354	118.087	1	temp/spectra_filtered.mgf4089	1	Spectral Match to Betaine from NIST14	ESI	QqQ	Isolated	Data from Pieter Dorrestein	Data deposited by lfnothias	M+H	118.086	0.0	1	107437					3	Positive	GNPS-NIST14-MATCHES	118.086	UPDATE-SINGLE-ANNOTATED-BRONZE	Bronze											mzspec:GNPS:GNPS-LIBRARY:CCMSLIB00003137661
CCMSLIB00003137661	3724	spectra_filtered.mgf	GNPS_Drug_Library_Spectra_Drugs_and_Metabolites.mgf	0.960887	243000.0	0	4.26418	3	0.00050354	118.087	1	temp/spectra_filtered.mgf3724	1	Spectral Match to Betaine from NIST14	ESI	QqQ	Isolated	Data from Pieter Dorrestein	Data deposited by lfnothias	M+H	118.086	0.0	1	107437					3	Positive	GNPS-NIST14-MATCHES	118.086	UPDATE-SINGLE-ANNOTATED-BRONZE	Bronze											mzspec:GNPS:GNPS-LIBRARY:CCMSLIB00003137661
CCMSLIB00006678714	4227	spectra_filtered.mgf	GNPS_Drug_Library_Spectra_Drugs_and_Metabolites.mgf	0.960763	260000.0	0	4.26418	2	0.00050354	118.087	1	temp/spectra_filtered.mgf4227	1	BETAINE	ESI	Orbitrap	isolated	MoNA	MoNA:MoNA038708	M+H	118.086	0.0	1			C[N+](C)(C)CC(=O)[O-]	"""InChI=1S/C5H11NO2/c1-6(2,3)4-5(7)8/h4H2,1-3H3"""		3	positive	MONA	118.086	UPDATE-SINGLE-ANNOTATED-BRONZE	Bronze			KWIUHFFTVRNATP-UHFFFAOYSA-N	KWIUHFFTVRNATP	Organic acids and derivatives	Carboxylic acids and derivatives	Amino acids, peptides, and analogues				mzspec:GNPS:GNPS-LIBRARY:CCMSLIB00006678714
CCMSLIB00003139814	366	spectra_filtered.mgf	GNPS_Drug_Library_Spectra_Drugs_and_Metabolites.mgf	0.96064	1194000.0	0	7.31185	5	0.00537109	734.569	1	temp/spectra_filtered.mgf366	1	Spectral Match to 1,2-Dihexadecanoyl-sn-glycero-3-phosphocholine from NIST14	ESI	qTof	Isolated	Data from McKerrow	Data deposited by lamccall	M+H	734.574	733.562	1	63898		CCCCCCCCCCCCCCCC(=O)OC[C@H](COP(=O)([O-])OCC[N+](C)(C)C)OC(=O)CCCCCCCCCCCCCCC	InChI=1S/C40H80NO8P/c1-6-8-10-12-14-16-18-20-22-24-26-28-30-32-39(42)46-36-38(37-48-50(44,45)47-35-34-41(3,4)5)49-40(43)33-31-29-27-25-23-21-19-17-15-13-11-9-7-2/h38H,6-37H2,1-5H3/t38-/m1/s1		3	Positive	GNPS-NIST14-MATCHES	734.574	UPDATE-SINGLE-ANNOTATED-BRONZE	Bronze			KILNVBDSWZSGLL-KXQOOQHDSA-N	KILNVBDSWZSGLL	Lipids and lipid-like molecules	Glycerophospholipids	Glycerophosphocholines				mzspec:GNPS:GNPS-LIBRARY:CCMSLIB00003139814
CCMSLIB00005732367	15844	spectra_filtered.mgf	GNPS_Drug_Library_Spectra_Drugs_and_Metabolites.mgf	0.959474	73000.0	0	0.974542	2	0.000305176	313.148	1	temp/spectra_filtered.mgf15844	1	Massbank:EQ369701 Olanzapine|2-methyl-4-(4-methylpiperazin-1-yl)-5H-thieno[3,2-c][1,5]benzodiazepine	ESI	Hybrid FT	Isolated	Massbank	Massbank	M+H	313.148	0.0	1	132539-06-1		CC1=CC2=C(NC3=CC=CC=C3N=C2S1)N4CCN(CC4)C	1S/C17H20N4S/c1-12-11-13-16(21-9-7-20(2)8-10-21)18-14-5-3-4-6-15(14)19-17(13)22-12/h3-6,11,18H,7-10H2,1-2H3		3	Positive	MASSBANK	313.148	UPDATE-SINGLE-ANNOTATED-BRONZE	Bronze		C17H20N4S	WXPNDRBBWZMPQG-UHFFFAOYSA-N	WXPNDRBBWZMPQG				Tryptophan alkaloids	Carboline alkaloids	Alkaloids	mzspec:GNPS:GNPS-LIBRARY:CCMSLIB00005732367
CCMSLIB00003139814	1748	spectra_filtered.mgf	GNPS_Drug_Library_Spectra_Drugs_and_Metabolites.mgf	0.959075	1169000.0	0	7.56112	5	0.0055542	734.568	1	temp/spectra_filtered.mgf1748	1	Spectral Match to 1,2-Dihexadecanoyl-sn-glycero-3-phosphocholine from NIST14	ESI	qTof	Isolated	Data from McKerrow	Data deposited by lamccall	M+H	734.574	733.562	1	63898		CCCCCCCCCCCCCCCC(=O)OC[C@H](COP(=O)([O-])OCC[N+](C)(C)C)OC(=O)CCCCCCCCCCCCCCC	InChI=1S/C40H80NO8P/c1-6-8-10-12-14-16-18-20-22-24-26-28-30-32-39(42)46-36-38(37-48-50(44,45)47-35-34-41(3,4)5)49-40(43)33-31-29-27-25-23-21-19-17-15-13-11-9-7-2/h38H,6-37H2,1-5H3/t38-/m1/s1		3	Positive	GNPS-NIST14-MATCHES	734.574	UPDATE-SINGLE-ANNOTATED-BRONZE	Bronze			KILNVBDSWZSGLL-KXQOOQHDSA-N	KILNVBDSWZSGLL	Lipids and lipid-like molecules	Glycerophospholipids	Glycerophosphocholines				mzspec:GNPS:GNPS-LIBRARY:CCMSLIB00003139814
CCMSLIB00003137661	14387	spectra_filtered.mgf	GNPS_Drug_Library_Spectra_Drugs_and_Metabolites.mgf	0.958895	210000.0	0	3.42427	3	0.000404358	118.086	1	temp/spectra_filtered.mgf14387	1	Spectral Match to Betaine from NIST14	ESI	QqQ	Isolated	Data from Pieter Dorrestein	Data deposited by lfnothias	M+H	118.086	0.0	1	107437					3	Positive	GNPS-NIST14-MATCHES	118.086	UPDATE-SINGLE-ANNOTATED-BRONZE	Bronze											mzspec:GNPS:GNPS-LIBRARY:CCMSLIB00003137661
CCMSLIB00003139814	5647	spectra_filtered.mgf	GNPS_Drug_Library_Spectra_Drugs_and_Metabolites.mgf	0.958695	4018000.0	0	7.31185	6	0.00537109	734.569	1	temp/spectra_filtered.mgf5647	1	Spectral Match to 1,2-Dihexadecanoyl-sn-glycero-3-phosphocholine from NIST14	ESI	qTof	Isolated	Data from McKerrow	Data deposited by lamccall	M+H	734.574	733.562	1	63898		CCCCCCCCCCCCCCCC(=O)OC[C@H](COP(=O)([O-])OCC[N+](C)(C)C)OC(=O)CCCCCCCCCCCCCCC	InChI=1S/C40H80NO8P/c1-6-8-10-12-14-16-18-20-22-24-26-28-30-32-39(42)46-36-38(37-48-50(44,45)47-35-34-41(3,4)5)49-40(43)33-31-29-27-25-23-21-19-17-15-13-11-9-7-2/h38H,6-37H2,1-5H3/t38-/m1/s1		3	Positive	GNPS-NIST14-MATCHES	734.574	UPDATE-SINGLE-ANNOTATED-BRONZE	Bronze			KILNVBDSWZSGLL-KXQOOQHDSA-N	KILNVBDSWZSGLL	Lipids and lipid-like molecules	Glycerophospholipids	Glycerophosphocholines				mzspec:GNPS:GNPS-LIBRARY:CCMSLIB00003139814
CCMSLIB00006678714	78	spectra_filtered.mgf	GNPS_Drug_Library_Spectra_Drugs_and_Metabolites.mgf	0.958402	272000.0	0	4.26418	2	0.00050354	118.087	1	temp/spectra_filtered.mgf78	1	BETAINE	ESI	Orbitrap	isolated	MoNA	MoNA:MoNA038708	M+H	118.086	0.0	1			C[N+](C)(C)CC(=O)[O-]	"""InChI=1S/C5H11NO2/c1-6(2,3)4-5(7)8/h4H2,1-3H3"""		3	positive	MONA	118.086	UPDATE-SINGLE-ANNOTATED-BRONZE	Bronze			KWIUHFFTVRNATP-UHFFFAOYSA-N	KWIUHFFTVRNATP	Organic acids and derivatives	Carboxylic acids and derivatives	Amino acids, peptides, and analogues				mzspec:GNPS:GNPS-LIBRARY:CCMSLIB00006678714
CCMSLIB00003137661	14259	spectra_filtered.mgf	GNPS_Drug_Library_Spectra_Drugs_and_Metabolites.mgf	0.95829	264000.0	0	3.42427	3	0.000404358	118.086	1	temp/spectra_filtered.mgf14259	1	Spectral Match to Betaine from NIST14	ESI	QqQ	Isolated	Data from Pieter Dorrestein	Data deposited by lfnothias	M+H	118.086	0.0	1	107437					3	Positive	GNPS-NIST14-MATCHES	118.086	UPDATE-SINGLE-ANNOTATED-BRONZE	Bronze											mzspec:GNPS:GNPS-LIBRARY:CCMSLIB00003137661
CCMSLIB00003139814	304	spectra_filtered.mgf	GNPS_Drug_Library_Spectra_Drugs_and_Metabolites.mgf	0.957408	8481000.0	0	7.47803	6	0.00549316	734.568	1	temp/spectra_filtered.mgf304	1	Spectral Match to 1,2-Dihexadecanoyl-sn-glycero-3-phosphocholine from NIST14	ESI	qTof	Isolated	Data from McKerrow	Data deposited by lamccall	M+H	734.574	733.562	1	63898		CCCCCCCCCCCCCCCC(=O)OC[C@H](COP(=O)([O-])OCC[N+](C)(C)C)OC(=O)CCCCCCCCCCCCCCC	InChI=1S/C40H80NO8P/c1-6-8-10-12-14-16-18-20-22-24-26-28-30-32-39(42)46-36-38(37-48-50(44,45)47-35-34-41(3,4)5)49-40(43)33-31-29-27-25-23-21-19-17-15-13-11-9-7-2/h38H,6-37H2,1-5H3/t38-/m1/s1		3	Positive	GNPS-NIST14-MATCHES	734.574	UPDATE-SINGLE-ANNOTATED-BRONZE	Bronze			KILNVBDSWZSGLL-KXQOOQHDSA-N	KILNVBDSWZSGLL	Lipids and lipid-like molecules	Glycerophospholipids	Glycerophosphocholines				mzspec:GNPS:GNPS-LIBRARY:CCMSLIB00003139814
CCMSLIB00005463930	8038	spectra_filtered.mgf	GNPS_Drug_Library_Spectra_Drugs_and_Metabolites.mgf	0.95739	695000.0	0	1.82239	5	0.000205994	113.035	1	temp/spectra_filtered.mgf8038	1	URACIL	ESI	Orbitrap	Commercial	Dorrestein	Kelly Weldon	M+H	113.035	112.027	1	66-22-8		O=C1NC=CC(=O)N1	"""InChI=1S/C4H4N2O2/c7-3-1-2-5-4(8)6-3/h1-2H,(H2,5,6,7,8)"""		1	Positive	GNPS-MSMLS	113.035	UPDATE-SINGLE-ANNOTATED-GOLD	Gold		C4H4N2O2	ISAKRJDGNUQOIC-UHFFFAOYSA-N	ISAKRJDGNUQOIC	Organoheterocyclic compounds	Diazines	Pyrimidines and pyrimidine derivatives	Pseudoalkaloids	Purine alkaloids	Alkaloids	mzspec:GNPS:GNPS-LIBRARY:CCMSLIB00005463930
CCMSLIB00005772259	11856	spectra_filtered.mgf	GNPS_Drug_Library_Spectra_Drugs_and_Metabolites.mgf	0.957381	337000.0	0	36.3448	4	0.00967407	266.165	1	temp/spectra_filtered.mgf11856	1	Massbank:AU220906 Oxprenolol|1-(propan-2-ylamino)-3-(2-prop-2-enoxyphenoxy)propan-2-ol	ESI	qTof	Isolated	Massbank	Massbank	M+H	266.175	0.0	1	6452-71-7		CC(C)NCC(COc1ccccc1OCC=C)O	1S/C15H23NO3/c1-4-9-18-14-7-5-6-8-15(14)19-11-13(17)10-16-12(2)3/h4-8,12-13,16-17H,1,9-11H2,2-3H3		3	Positive	MASSBANK	266.175	UPDATE-SINGLE-ANNOTATED-BRONZE	Bronze		C15H23NO3	CEMAWMOMDPGJMB-UHFFFAOYSA-N	CEMAWMOMDPGJMB				Pseudoalkaloids	Phenylalanine-derived alkaloids	Alkaloids	mzspec:GNPS:GNPS-LIBRARY:CCMSLIB00005772259
CCMSLIB00003138062	223	spectra_filtered.mgf	GNPS_Drug_Library_Spectra_Drugs_and_Metabolites.mgf	0.956392	3893000.0	0	3.65594	7	0.00268555	734.568	1	temp/spectra_filtered.mgf223	1	Spectral Match to 1,2-Dihexadecanoyl-sn-glycero-3-phosphocholine from NIST14	ESI	HCD	Isolated	Data from James McKerrow	Data deposited by lamccall	M+H	734.571	0.0	1	63898					3	Positive	GNPS-NIST14-MATCHES	734.571	UPDATE-SINGLE-ANNOTATED-BRONZE	Bronze											mzspec:GNPS:GNPS-LIBRARY:CCMSLIB00003138062
CCMSLIB00010135391	9647	spectra_filtered.mgf	GNPS_Drug_Library_Spectra_Drugs_and_Metabolites.mgf	0.956105	387000.0	0	0.444132	6	9.15527e-05	206.139	1	temp/spectra_filtered.mgf9647	1	DL-Panthenol	ESI	Orbitrap	Crude	Tomas Pluskal	Corinna Brungs	M+H	206.139	205.131	1			CC(C)(CO)C(O)C(=O)NCCCO	"""InChI=1S/C9H19NO4/c1-9(2,6-12)7(13)8(14)10-4-3-5-11/h7,11-13H,3-6H2,1-2H3,(H,10,14)"""	SNPLKNRPJHDVJA-UHFFFAOYSA-N	3	Positive	MCE-DRUG	206.139	UPDATE-SINGLE-ANNOTATED-BRONZE	Bronze		C9H19NO4	SNPLKNRPJHDVJA-UHFFFAOYSA-N	SNPLKNRPJHDVJA	Lipids and lipid-like molecules	Fatty Acyls	Fatty amides	Fatty amides	N-acyl amines	Fatty acids	mzspec:GNPS:GNPS-LIBRARY:CCMSLIB00010135391
CCMSLIB00003138364	15648	spectra_filtered.mgf	GNPS_Drug_Library_Spectra_Drugs_and_Metabolites.mgf	0.955485	226000.0	0	4.26418	4	0.00050354	118.087	1	temp/spectra_filtered.mgf15648	1	Spectral Match to Betaine from NIST14	ESI	QqQ	Isolated	Data from Joshua Wollam	Data deposited by fevargas	M+H	118.086	0.0	1	107437					3	Positive	GNPS-NIST14-MATCHES	118.086	UPDATE-SINGLE-ANNOTATED-BRONZE	Bronze											mzspec:GNPS:GNPS-LIBRARY:CCMSLIB00003138364
CCMSLIB00000424769	12649	spectra_filtered.mgf	GNPS_Drug_Library_Spectra_Drugs_and_Metabolites.mgf	0.954153	6080000.0	0	3.03113	4	0.00050354	166.122	1	temp/spectra_filtered.mgf12649	1	Ephedrine	DI-ESI	qTof	Commercial	Norberto Lopes	Lucas Marques	M+H	166.123	165.115	1	299-42-3	 	CNC(C)C(O)C1=CC=CC=C1	InChI=1S/C10H15NO/c1-8(11-2)10(12)9-6-4-3-5-7-9/h3-8,10-12H,1-2H3	 	3	Positive	GNPS-LIBRARY	166.123	UPDATE-SINGLE-ANNOTATED-BRONZE	Bronze		C10H15NO	KWGRBVOPPLSCSI-UHFFFAOYSA-N	KWGRBVOPPLSCSI				Pseudoalkaloids	Phenylalanine-derived alkaloids	Alkaloids	mzspec:GNPS:GNPS-LIBRARY:CCMSLIB00000424769
CCMSLIB00003137273	1055	spectra_filtered.mgf	GNPS_Drug_Library_Spectra_Drugs_and_Metabolites.mgf	0.952696	337000.0	0	2.67951	4	0.000396729	148.06	1	temp/spectra_filtered.mgf1055	1	Spectral Match to L-Glutamic acid from NIST14	ESI	QqQ	Isolated	Data from Piel, Dittmann	Data deposited by eriche	M+H	148.06	0.0	1	56860					3	Positive	GNPS-NIST14-MATCHES	148.06	UPDATE-SINGLE-ANNOTATED-BRONZE	Bronze											mzspec:GNPS:GNPS-LIBRARY:CCMSLIB00003137273
CCMSLIB00003138364	10498	spectra_filtered.mgf	GNPS_Drug_Library_Spectra_Drugs_and_Metabolites.mgf	0.950734	256000.0	0	4.26418	4	0.00050354	118.087	1	temp/spectra_filtered.mgf10498	1	Spectral Match to Betaine from NIST14	ESI	QqQ	Isolated	Data from Joshua Wollam	Data deposited by fevargas	M+H	118.086	0.0	1	107437					3	Positive	GNPS-NIST14-MATCHES	118.086	UPDATE-SINGLE-ANNOTATED-BRONZE	Bronze											mzspec:GNPS:GNPS-LIBRARY:CCMSLIB00003138364
CCMSLIB00003138364	4948	spectra_filtered.mgf	GNPS_Drug_Library_Spectra_Drugs_and_Metabolites.mgf	0.950417	221000.0	0	3.42427	4	0.000404358	118.086	1	temp/spectra_filtered.mgf4948	1	Spectral Match to Betaine from NIST14	ESI	QqQ	Isolated	Data from Joshua Wollam	Data deposited by fevargas	M+H	118.086	0.0	1	107437					3	Positive	GNPS-NIST14-MATCHES	118.086	UPDATE-SINGLE-ANNOTATED-BRONZE	Bronze											mzspec:GNPS:GNPS-LIBRARY:CCMSLIB00003138364
CCMSLIB00010107223	7320	spectra_filtered.mgf	GNPS_Drug_Library_Spectra_Drugs_and_Metabolites.mgf	0.950336	187000.0	0	0.564806	6	0.000106812	189.112	1	temp/spectra_filtered.mgf7320	1	azelaic acid CollisionEnergy:102040	LC-ESI	Orbitrap	Commercial	Trent Northen	JGI	M+H	189.112	0.0	1			O=C(O)CCCCCCCC(=O)O	"""InChI=1S/C9H16O4/c10-8(11)6-4-2-1-3-5-7-9(12)13/h1-7H2,(H,10,11)(H,12,13)"""		3	Positive	BERKELEY-LAB	189.112	UPDATE-SINGLE-ANNOTATED-BRONZE	Bronze		C9H16O4	BDJRBEYXGGNYIS-UHFFFAOYSA-N	BDJRBEYXGGNYIS				Fatty Acids and Conjugates	Dicarboxylic acids	Fatty acids	mzspec:GNPS:GNPS-LIBRARY:CCMSLIB00010107223
CCMSLIB00000577909	2572	spectra_filtered.mgf	GNPS_Drug_Library_Spectra_Drugs_and_Metabolites.mgf	0.948364	4040000.0	0	6.62041	5	0.00120544	182.081	1	temp/spectra_filtered.mgf2572	1	L-TYROSINE	LC-ESI	Q-Exactive Plus	Commercial standard	Alexandrov Theodore	Prasad	M+H	182.08	181.074	0	60-18-4	6057	O=C(O)C(N)Cc1ccc(O)cc1	InChI=1S/C9H11NO3/c10-8(9(12)13)5-6-1-3-7(11)4-2-6/h1-4,8,11H,5,10H2,(H,12,13)		1	Positive	GNPS-EMBL-MCF	182.08	UPDATE-SINGLE-ANNOTATED-GOLD	Gold		C9H11NO3	OUYCCCASQSFEME-UHFFFAOYSA-N	OUYCCCASQSFEME	Organic acids and derivatives	Carboxylic acids and derivatives	Amino acids, peptides, and analogues	Small peptides	Aminoacids	Amino acids and Peptides|Shikimates and Phenylpropanoids	mzspec:GNPS:GNPS-LIBRARY:CCMSLIB00000577909
CCMSLIB00003138364	11582	spectra_filtered.mgf	GNPS_Drug_Library_Spectra_Drugs_and_Metabolites.mgf	0.947304	284000.0	0	3.42427	4	0.000404358	118.086	1	temp/spectra_filtered.mgf11582	1	Spectral Match to Betaine from NIST14	ESI	QqQ	Isolated	Data from Joshua Wollam	Data deposited by fevargas	M+H	118.086	0.0	1	107437					3	Positive	GNPS-NIST14-MATCHES	118.086	UPDATE-SINGLE-ANNOTATED-BRONZE	Bronze											mzspec:GNPS:GNPS-LIBRARY:CCMSLIB00003138364
CCMSLIB00005778317	15089	spectra_filtered.mgf	GNPS_Drug_Library_Spectra_Drugs_and_Metabolites.mgf	0.945987	143000.0	0	1.47976	2	0.000396729	268.104	1	temp/spectra_filtered.mgf15089	1	Massbank:FIO00684 Adenosine	ESI	qTof	Isolated	Massbank	Massbank	M+H	268.104	0.0	1	58-61-7		OC[C@@H](O1)[C@@H](O)[C@@H](O)[C@@H]1n(c3)c(n2)c(n3)c(N)nc2	1S/C10H13N5O4/c11-8-5-9(13-2-12-8)15(3-14-5)10-7(18)6(17)4(1-16)19-10/h2-4,6-7,10,16-18H,1H2,(H2,11,12,13)/t4-,6-,7-,10-/m1/s1		3	Positive	MASSBANK	268.104	UPDATE-SINGLE-ANNOTATED-BRONZE	Bronze		C10H13N5O4	OIRDTQYFTABQOQ-KQYNXXCUSA-N	OIRDTQYFTABQOQ				Nucleosides	Purine nucleos(t)ides	Carbohydrates	mzspec:GNPS:GNPS-LIBRARY:CCMSLIB00005778317
CCMSLIB00006679906	14920	spectra_filtered.mgf	GNPS_Drug_Library_Spectra_Drugs_and_Metabolites.mgf	0.94553	978000.0	0	1.47013	9	0.000610352	415.168	1	temp/spectra_filtered.mgf14920	1	DILTIAZEM	ESI	Orbitrap	isolated	MoNA	MoNA:MoNA037617	M+H	415.169	0.0	1			CC(=O)O[C@@H]1[C@H](C2=CC=C(C=C2)OC)SC3=C(C=CC=C3)N(CCN(C)C)C1=O	"""InChI=1S/C22H26N2O4S/c1-15(25)28-20-21(16-9-11-17(27-4)12-10-16)29-19-8-6-5-7-18(19)24(22(20)26)14-13-23(2)3/h5-12,20-21H,13-14H2,1-4H3/t20-,21+/m1/s1"""		3	positive	MONA	415.169	UPDATE-SINGLE-ANNOTATED-BRONZE	Bronze		C22H26N2O4S	HSUGRBWQSSZJOP-RTWAWAEBSA-N	HSUGRBWQSSZJOP						Alkaloids	mzspec:GNPS:GNPS-LIBRARY:CCMSLIB00006679906
CCMSLIB00013652433	11876	spectra_filtered.mgf	GNPS_Drug_Library_Spectra_Drug_Analogs_Updated.mgf	0.945192	2345000.0	0	1.62082	5	0.000335693	207.113	1	temp/spectra_filtered.mgf11876	1	related spectra of 'primidone (Delta Mass:-12.00)'	LC-ESI	Orbitrap	Crude	Pieter Dorrestein	Nina Zhao	M+H	207.113	0.0	1						3	Positive	GNPS-DRUG-ANALOG	207.113	UPDATE-SINGLE-ANNOTATED-BRONZE	Bronze											mzspec:GNPS:GNPS-LIBRARY:CCMSLIB00013652433
CCMSLIB00005774563	13834	spectra_filtered.mgf	GNPS_Drug_Library_Spectra_Drugs_and_Metabolites.mgf	0.945079	206000.0	0	0.313467	4	9.15527e-05	292.065	1	temp/spectra_filtered.mgf13834	1	Massbank:AU156602 Norsertraline|Desmethylsertraline|(1S,4S)-4-(3,4-dichlorophenyl)-1,2,3,4-tetrahydronaphthalen-1-amine	ESI	qTof	Isolated	Massbank	Massbank	M+H	292.065	0.0	1	87857-41-8		N[C@H]1CC[C@@H](C2=CC(Cl)=C(Cl)C=C2)C2=CC=CC=C12	1S/C16H15Cl2N/c17-14-7-5-10(9-15(14)18)11-6-8-16(19)13-4-2-1-3-12(11)13/h1-5,7,9,11,16H,6,8,19H2/t11-,16-/m0/s1		3	Positive	MASSBANK	292.065	UPDATE-SINGLE-ANNOTATED-BRONZE	Bronze		C16H15Cl2N	SRPXSILJHWNFMK-ZBEGNZNMSA-N	SRPXSILJHWNFMK						Alkaloids	mzspec:GNPS:GNPS-LIBRARY:CCMSLIB00005774563
CCMSLIB00003138364	13916	spectra_filtered.mgf	GNPS_Drug_Library_Spectra_Drugs_and_Metabolites.mgf	0.944935	286000.0	0	4.26418	4	0.00050354	118.087	1	temp/spectra_filtered.mgf13916	1	Spectral Match to Betaine from NIST14	ESI	QqQ	Isolated	Data from Joshua Wollam	Data deposited by fevargas	M+H	118.086	0.0	1	107437					3	Positive	GNPS-NIST14-MATCHES	118.086	UPDATE-SINGLE-ANNOTATED-BRONZE	Bronze											mzspec:GNPS:GNPS-LIBRARY:CCMSLIB00003138364
CCMSLIB00003138364	11131	spectra_filtered.mgf	GNPS_Drug_Library_Spectra_Drugs_and_Metabolites.mgf	0.944437	157000.0	0	4.26418	4	0.00050354	118.087	1	temp/spectra_filtered.mgf11131	1	Spectral Match to Betaine from NIST14	ESI	QqQ	Isolated	Data from Joshua Wollam	Data deposited by fevargas	M+H	118.086	0.0	1	107437					3	Positive	GNPS-NIST14-MATCHES	118.086	UPDATE-SINGLE-ANNOTATED-BRONZE	Bronze											mzspec:GNPS:GNPS-LIBRARY:CCMSLIB00003138364
CCMSLIB00003138364	11458	spectra_filtered.mgf	GNPS_Drug_Library_Spectra_Drugs_and_Metabolites.mgf	0.943934	262000.0	0	3.42427	4	0.000404358	118.086	1	temp/spectra_filtered.mgf11458	1	Spectral Match to Betaine from NIST14	ESI	QqQ	Isolated	Data from Joshua Wollam	Data deposited by fevargas	M+H	118.086	0.0	1	107437					3	Positive	GNPS-NIST14-MATCHES	118.086	UPDATE-SINGLE-ANNOTATED-BRONZE	Bronze											mzspec:GNPS:GNPS-LIBRARY:CCMSLIB00003138364
CCMSLIB00003139814	7082	spectra_filtered.mgf	GNPS_Drug_Library_Spectra_Drugs_and_Metabolites.mgf	0.943901	255000.0	0	7.97656	3	0.00585938	734.568	1	temp/spectra_filtered.mgf7082	1	Spectral Match to 1,2-Dihexadecanoyl-sn-glycero-3-phosphocholine from NIST14	ESI	qTof	Isolated	Data from McKerrow	Data deposited by lamccall	M+H	734.574	733.562	1	63898		CCCCCCCCCCCCCCCC(=O)OC[C@H](COP(=O)([O-])OCC[N+](C)(C)C)OC(=O)CCCCCCCCCCCCCCC	InChI=1S/C40H80NO8P/c1-6-8-10-12-14-16-18-20-22-24-26-28-30-32-39(42)46-36-38(37-48-50(44,45)47-35-34-41(3,4)5)49-40(43)33-31-29-27-25-23-21-19-17-15-13-11-9-7-2/h38H,6-37H2,1-5H3/t38-/m1/s1		3	Positive	GNPS-NIST14-MATCHES	734.574	UPDATE-SINGLE-ANNOTATED-BRONZE	Bronze			KILNVBDSWZSGLL-KXQOOQHDSA-N	KILNVBDSWZSGLL	Lipids and lipid-like molecules	Glycerophospholipids	Glycerophosphocholines				mzspec:GNPS:GNPS-LIBRARY:CCMSLIB00003139814
CCMSLIB00006679313	1641	spectra_filtered.mgf	GNPS_Drug_Library_Spectra_Drugs_and_Metabolites.mgf	0.94361	1141000.0	0	3.18458	5	0.00050354	158.117	1	temp/spectra_filtered.mgf1641	1	TRANEXAMIC ACID	ESI	Orbitrap	isolated	MoNA	MoNA:MoNA038808	M+H	158.118	0.0	1			C1CC(CCC1CN)C(=O)O	"""InChI=1S/C8H15NO2/c9-5-6-1-3-7(4-2-6)8(10)11/h6-7H,1-5,9H2,(H,10,11)"""		3	positive	MONA	158.118	UPDATE-SINGLE-ANNOTATED-BRONZE	Bronze		C8H15NO2	GYDJEQRTZSCIOI-UHFFFAOYSA-N	GYDJEQRTZSCIOI	Organic acids and derivatives	Carboxylic acids and derivatives	Amino acids, peptides, and analogues	Small peptides	Aminoacids	Amino acids and Peptides	mzspec:GNPS:GNPS-LIBRARY:CCMSLIB00006679313
CCMSLIB00013654736	14950	spectra_filtered.mgf	GNPS_Drug_Library_Spectra_Drug_Analogs_Updated.mgf	0.942949	444000.0	0	1.97795	8	0.000793457	401.153	1	temp/spectra_filtered.mgf14950	1	"""related spectra of 'Massbank:AU229006 Desacetyldiltiazem|(2S,3S)-5-[2-(dimethylamino)ethyl]-3-hydroxy-2-(4-methoxyphenyl)-2,3-dihydro-1,5-benzothiazepin-4-one (Delta Mass:27.995)'"""	LC-ESI	Orbitrap	Crude	Pieter Dorrestein	Nina Zhao	M+H	401.152	0.0	1						3	Positive	GNPS-DRUG-ANALOG	401.152	UPDATE-SINGLE-ANNOTATED-BRONZE	Bronze											mzspec:GNPS:GNPS-LIBRARY:CCMSLIB00013654736
CCMSLIB00003134576	8174	spectra_filtered.mgf	GNPS_Drug_Library_Spectra_Drugs_and_Metabolites.mgf	0.9426	203000.0	0	13.3777	3	0.00982666	734.568	1	temp/spectra_filtered.mgf8174	1	Spectral Match to 1,2-Dihexadecanoyl-sn-glycero-3-phosphocholine from NIST14	ESI	qTof	Isolated	Data from Gabriel Haddad	Data deposited by mjmeehan	M+H	734.558	733.562	1	63898		CCCCCCCCCCCCCCCC(=O)OC[C@H](COP(=O)([O-])OCC[N+](C)(C)C)OC(=O)CCCCCCCCCCCCCCC	InChI=1S/C40H80NO8P/c1-6-8-10-12-14-16-18-20-22-24-26-28-30-32-39(42)46-36-38(37-48-50(44,45)47-35-34-41(3,4)5)49-40(43)33-31-29-27-25-23-21-19-17-15-13-11-9-7-2/h38H,6-37H2,1-5H3/t38-/m1/s1		3	Positive	GNPS-NIST14-MATCHES	734.558	UPDATE-SINGLE-ANNOTATED-BRONZE	Bronze			KILNVBDSWZSGLL-KXQOOQHDSA-N	KILNVBDSWZSGLL	Lipids and lipid-like molecules	Glycerophospholipids	Glycerophosphocholines				mzspec:GNPS:GNPS-LIBRARY:CCMSLIB00003134576
CCMSLIB00003138364	11436	spectra_filtered.mgf	GNPS_Drug_Library_Spectra_Drugs_and_Metabolites.mgf	0.942366	254000.0	0	4.26418	4	0.00050354	118.087	1	temp/spectra_filtered.mgf11436	1	Spectral Match to Betaine from NIST14	ESI	QqQ	Isolated	Data from Joshua Wollam	Data deposited by fevargas	M+H	118.086	0.0	1	107437					3	Positive	GNPS-NIST14-MATCHES	118.086	UPDATE-SINGLE-ANNOTATED-BRONZE	Bronze											mzspec:GNPS:GNPS-LIBRARY:CCMSLIB00003138364
CCMSLIB00005464443	6757	spectra_filtered.mgf	GNPS_Drug_Library_Spectra_Drugs_and_Metabolites.mgf	0.940056	2701000.0	0	0.0	12	0.0	308.091	1	temp/spectra_filtered.mgf6757	1	GLUTATHIONE REDUCED	ESI	Orbitrap	Commercial	Dorrestein	Kelly Weldon	M+H	308.091	307.084	1	70-18-8		N[C@@H](CCC(=O)N[C@@H](CS)C(=O)NCC(O)=O)C(O)=O	"""InChI=1S/C10H17N3O6S/c11-5(10(18)19)1-2-7(14)13-6(4-20)9(17)12-3-8(15)16/h5-6,20H,1-4,11H2,(H,12,17)(H,13,14)(H,15,16)(H,18,19)/t5-,6-/m0/s1"""		1	Positive	GNPS-MSMLS	308.091	UPDATE-SINGLE-ANNOTATED-GOLD	Gold		C10H17N3O6S	RWSXRVCMGQZWBV-WDSKDSINSA-N	RWSXRVCMGQZWBV	Organic acids and derivatives	Carboxylic acids and derivatives	Amino acids, peptides, and analogues	Small peptides	Tripeptides	Amino acids and Peptides	mzspec:GNPS:GNPS-LIBRARY:CCMSLIB00005464443
CCMSLIB00003138364	5288	spectra_filtered.mgf	GNPS_Drug_Library_Spectra_Drugs_and_Metabolites.mgf	0.939751	262000.0	0	3.42427	4	0.000404358	118.086	1	temp/spectra_filtered.mgf5288	1	Spectral Match to Betaine from NIST14	ESI	QqQ	Isolated	Data from Joshua Wollam	Data deposited by fevargas	M+H	118.086	0.0	1	107437					3	Positive	GNPS-NIST14-MATCHES	118.086	UPDATE-SINGLE-ANNOTATED-BRONZE	Bronze											mzspec:GNPS:GNPS-LIBRARY:CCMSLIB00003138364
CCMSLIB00013642460	12146	spectra_filtered.mgf	GNPS_Drug_Library_Spectra_Drug_Analogs_Updated.mgf	0.936841	341000.0	0	0.110957	5	3.05176e-05	275.039	1	temp/spectra_filtered.mgf12146	1	related spectra of 'sertraline (Delta Mass:-17.03)'	LC-ESI	Orbitrap	Crude	Pieter Dorrestein	Nina Zhao	M+H	275.039	0.0	1						3	Positive	GNPS-DRUG-ANALOG	275.039	UPDATE-SINGLE-ANNOTATED-BRONZE	Bronze											mzspec:GNPS:GNPS-LIBRARY:CCMSLIB00013642460
CCMSLIB00005772134	15124	spectra_filtered.mgf	GNPS_Drug_Library_Spectra_Drugs_and_Metabolites.mgf	0.936826	185000.0	0	1.55654	3	0.000305176	196.06	1	temp/spectra_filtered.mgf15124	1	Massbank:AU272501 N-Acetyl mesalazine|N-Acetyl-5-aminosalicylic acid|5-acetamido-2-hydroxybenzoic acid	ESI	qTof	Isolated	Massbank	Massbank	M+H	196.06	0.0	1	51-59-2		CC(=O)NC1=CC=C(O)C(=C1)C(O)=O	1S/C9H9NO4/c1-5(11)10-6-2-3-8(12)7(4-6)9(13)14/h2-4,12H,1H3,(H,10,11)(H,13,14)		3	Positive	MASSBANK	196.06	UPDATE-SINGLE-ANNOTATED-BRONZE	Bronze		C9H9NO4	GEFDRROBUCULOD-UHFFFAOYSA-N	GEFDRROBUCULOD	Benzenoids	Benzene and substituted derivatives	Benzoic acids and derivatives	Small peptides	Aminoacids	Amino acids and Peptides|Shikimates and Phenylpropanoids	mzspec:GNPS:GNPS-LIBRARY:CCMSLIB00005772134
CCMSLIB00003135969	6822	spectra_filtered.mgf	GNPS_Drug_Library_Spectra_Drugs_and_Metabolites.mgf	0.936067	3100000.0	0	2.94292	6	0.00050354	171.102	1	temp/spectra_filtered.mgf6822	1	Spectral Match to Azelaic acid from NIST14	ESI	Q-TOF	Isolated	Data from Chris Turck	Data deposited by fevargas	M+H-H2O	171.102	0.0	1	123999					3	Positive	GNPS-NIST14-MATCHES	171.102	UPDATE-SINGLE-ANNOTATED-BRONZE	Bronze											mzspec:GNPS:GNPS-LIBRARY:CCMSLIB00003135969
CCMSLIB00010145199	13899	spectra_filtered.mgf	GNPS_Drug_Library_Spectra_Drugs_and_Metabolites.mgf	0.933606	187000.0	0	4.53948	2	0.00238037	524.369	1	temp/spectra_filtered.mgf13899	1	Platelet activating factor	ESI	Orbitrap	Crude	Tomas Pluskal	Corinna Brungs	M+H	524.371	523.364	1			CCCCCCCCCCCCCCCCOC[C@H](COP(=O)([O-])OCC[N+](C)(C)C)OC(C)=O	"""InChI=1S/C26H54NO7P/c1-6-7-8-9-10-11-12-13-14-15-16-17-18-19-21-31-23-26(34-25(2)28)24-33-35(29,30)32-22-20-27(3,4)5/h26H,6-24H2,1-5H3/t26-/m1/s1"""	HVAUUPRFYPCOCA-AREMUKBSSA-N	3	Positive	MCE-DRUG	524.371	UPDATE-SINGLE-ANNOTATED-BRONZE	Bronze			HVAUUPRFYPCOCA-AREMUKBSSA-N	HVAUUPRFYPCOCA	Lipids and lipid-like molecules	Glycerophospholipids	Glycerophosphocholines				mzspec:GNPS:GNPS-LIBRARY:CCMSLIB00010145199
CCMSLIB00013642460	7267	spectra_filtered.mgf	GNPS_Drug_Library_Spectra_Drug_Analogs_Updated.mgf	0.932054	5087000.0	0	0.221915	7	6.10352e-05	275.039	1	temp/spectra_filtered.mgf7267	1	related spectra of 'sertraline (Delta Mass:-17.03)'	LC-ESI	Orbitrap	Crude	Pieter Dorrestein	Nina Zhao	M+H	275.039	0.0	1						3	Positive	GNPS-DRUG-ANALOG	275.039	UPDATE-SINGLE-ANNOTATED-BRONZE	Bronze											mzspec:GNPS:GNPS-LIBRARY:CCMSLIB00013642460
CCMSLIB00006562555	13865	spectra_filtered.mgf	GNPS_Drug_Library_Spectra_Drugs_and_Metabolites.mgf	0.931938	268000.0	0	2.1181	8	0.000610352	288.159	1	temp/spectra_filtered.mgf13865	1	galanthamine	ESI	Orbitrap	Commercial standard	BMDMS-NP	BMDMS-NP	[M+H]+	288.16	287.152	1			OC1C=CC23C4=C(OC2C1)C(OC)=CC=C4CN(C)CC3	InChI=1S/C17H21NO3/c1-18-8-7-17-6-5-12(19)9-14(17)21-16-13(20-2)4-3-11(10-18)15(16)17/h3-6,12,14,19H,7-10H2,1-2H3		1	Positive	BMDMS-NP	288.16	UPDATE-SINGLE-ANNOTATED-GOLD	Gold		C17H21NO3	ASUTZQLVASHGKV-UHFFFAOYSA-N	ASUTZQLVASHGKV	Alkaloids and derivatives	Amaryllidaceae alkaloids	Galanthamine-type amaryllidaceae alkaloids	Tyrosine alkaloids	Amarylidaceae alkaloids	Alkaloids	mzspec:GNPS:GNPS-LIBRARY:CCMSLIB00006562555
CCMSLIB00003138447	6271	spectra_filtered.mgf	GNPS_Drug_Library_Spectra_Drugs_and_Metabolites.mgf	0.931719	37000.0	0	8.22355	2	0.00250244	304.299	1	temp/spectra_filtered.mgf6271	1	Spectral Match to Benzyldodecyldimethylammonium from NIST14	ESI	QqQ	Isolated	Data from Maria Maansson	Data deposited by marjo	Cat	304.302	0.0	1	10328355					3	Positive	GNPS-NIST14-MATCHES	304.302	UPDATE-SINGLE-ANNOTATED-BRONZE	Bronze											mzspec:GNPS:GNPS-LIBRARY:CCMSLIB00003138447
CCMSLIB00005738598	6885	spectra_filtered.mgf	GNPS_Drug_Library_Spectra_Drugs_and_Metabolites.mgf	0.931596	226000.0	0	1.13411	2	0.000305176	269.088	1	temp/spectra_filtered.mgf6885	1	Massbank:RP011001 Inosine|9-[(2R,3R,4S,5R)-3,4-dihydroxy-5-(hydroxymethyl)oxolan-2-yl]-3H-purin-6-one	ESI	qTof	Isolated	Massbank	Massbank	M+H	269.088	0.0	1	58-63-9		OC[C@H]1O[C@H]([C@H](O)[C@@H]1O)N1C=NC2=C(O)N=CN=C12	1S/C10H12N4O5/c15-1-4-6(16)7(17)10(19-4)14-3-13-5-8(14)11-2-12-9(5)18/h2-4,6-7,10,15-17H,1H2,(H,11,12,18)/t4-,6-,7-,10-/m1/s1		3	Positive	MASSBANK	269.088	UPDATE-SINGLE-ANNOTATED-BRONZE	Bronze		C10H12N4O5	UGQMRVRMYYASKQ-KQYNXXCUSA-N	UGQMRVRMYYASKQ				Nucleosides	Purine nucleos(t)ides	Carbohydrates	mzspec:GNPS:GNPS-LIBRARY:CCMSLIB00005738598
CCMSLIB00010139352	1919	spectra_filtered.mgf	GNPS_Drug_Library_Spectra_Drugs_and_Metabolites.mgf	0.9304	584000.0	0	0.367495	3	0.000152588	415.211	1	temp/spectra_filtered.mgf1919	1	Trospium	ESI	Orbitrap	Crude	Tomas Pluskal	Corinna Brungs	M+H	415.211	392.222	1			O=C(OC1C[C@H]2CC[C@@H](C1)[N+]21CCCC1)C(O)(c1ccccc1)c1ccccc1	"""InChI=1S/C25H30NO3/c27-24(25(28,19-9-3-1-4-10-19)20-11-5-2-6-12-20)29-23-17-21-13-14-22(18-23)26(21)15-7-8-16-26/h1-6,9-12,21-23,28H,7-8,13-18H2/q+1/t21-,22+,23?"""	OYYDSUSKLWTMMQ-AIZNXBIQSA-N	3	Positive	MCE-DRUG	415.211	UPDATE-SINGLE-ANNOTATED-BRONZE	Bronze			OYYDSUSKLWTMMQ-AIZNXBIQSA-N	OYYDSUSKLWTMMQ	Benzenoids	Benzene and substituted derivatives	Diphenylmethanes				mzspec:GNPS:GNPS-LIBRARY:CCMSLIB00010139352
CCMSLIB00006678714	108	spectra_filtered.mgf	GNPS_Drug_Library_Spectra_Drugs_and_Metabolites.mgf	0.930289	238000.0	0	4.26418	2	0.00050354	118.087	1	temp/spectra_filtered.mgf108	1	BETAINE	ESI	Orbitrap	isolated	MoNA	MoNA:MoNA038708	M+H	118.086	0.0	1			C[N+](C)(C)CC(=O)[O-]	"""InChI=1S/C5H11NO2/c1-6(2,3)4-5(7)8/h4H2,1-3H3"""		3	positive	MONA	118.086	UPDATE-SINGLE-ANNOTATED-BRONZE	Bronze			KWIUHFFTVRNATP-UHFFFAOYSA-N	KWIUHFFTVRNATP	Organic acids and derivatives	Carboxylic acids and derivatives	Amino acids, peptides, and analogues				mzspec:GNPS:GNPS-LIBRARY:CCMSLIB00006678714
CCMSLIB00006679313	13008	spectra_filtered.mgf	GNPS_Drug_Library_Spectra_Drugs_and_Metabolites.mgf	0.929256	650000.0	0	3.18458	5	0.00050354	158.117	1	temp/spectra_filtered.mgf13008	1	TRANEXAMIC ACID	ESI	Orbitrap	isolated	MoNA	MoNA:MoNA038808	M+H	158.118	0.0	1			C1CC(CCC1CN)C(=O)O	"""InChI=1S/C8H15NO2/c9-5-6-1-3-7(4-2-6)8(10)11/h6-7H,1-5,9H2,(H,10,11)"""		3	positive	MONA	158.118	UPDATE-SINGLE-ANNOTATED-BRONZE	Bronze		C8H15NO2	GYDJEQRTZSCIOI-UHFFFAOYSA-N	GYDJEQRTZSCIOI	Organic acids and derivatives	Carboxylic acids and derivatives	Amino acids, peptides, and analogues	Small peptides	Aminoacids	Amino acids and Peptides	mzspec:GNPS:GNPS-LIBRARY:CCMSLIB00006679313
CCMSLIB00006678714	6496	spectra_filtered.mgf	GNPS_Drug_Library_Spectra_Drugs_and_Metabolites.mgf	0.927874	267000.0	0	4.26418	2	0.00050354	118.087	1	temp/spectra_filtered.mgf6496	1	BETAINE	ESI	Orbitrap	isolated	MoNA	MoNA:MoNA038708	M+H	118.086	0.0	1			C[N+](C)(C)CC(=O)[O-]	"""InChI=1S/C5H11NO2/c1-6(2,3)4-5(7)8/h4H2,1-3H3"""		3	positive	MONA	118.086	UPDATE-SINGLE-ANNOTATED-BRONZE	Bronze			KWIUHFFTVRNATP-UHFFFAOYSA-N	KWIUHFFTVRNATP	Organic acids and derivatives	Carboxylic acids and derivatives	Amino acids, peptides, and analogues				mzspec:GNPS:GNPS-LIBRARY:CCMSLIB00006678714
CCMSLIB00010149160	6819	spectra_filtered.mgf	GNPS_Drug_Library_Spectra_Drugs_and_Metabolites.mgf	0.927678	997000.0	0	0.711522	9	0.000427246	600.468	1	temp/spectra_filtered.mgf6819	1	Polidocanol	ESI	Orbitrap	Crude	Tomas Pluskal	Corinna Brungs	M+H	600.468	582.434	1			CCCCCCCCCCCCOCCOCCOCCOCCOCCOCCOCCOCCOCCO	"""InChI=1S/C30H62O10/c1-2-3-4-5-6-7-8-9-10-11-13-32-15-17-34-19-21-36-23-25-38-27-29-40-30-28-39-26-24-37-22-20-35-18-16-33-14-12-31/h31H,2-30H2,1H3"""	ONJQDTZCDSESIW-UHFFFAOYSA-N	3	Positive	MCE-DRUG	600.468	UPDATE-SINGLE-ANNOTATED-BRONZE	Bronze		C30H62O10	ONJQDTZCDSESIW-UHFFFAOYSA-N	ONJQDTZCDSESIW	Organic oxygen compounds	Organooxygen compounds	Ethers	Glycerolipids	Triacylglycerols	Fatty acids	mzspec:GNPS:GNPS-LIBRARY:CCMSLIB00010149160
CCMSLIB00003137661	4090	spectra_filtered.mgf	GNPS_Drug_Library_Spectra_Drugs_and_Metabolites.mgf	0.927582	219000.0	0	5.10409	3	0.000602722	118.087	1	temp/spectra_filtered.mgf4090	1	Spectral Match to Betaine from NIST14	ESI	QqQ	Isolated	Data from Pieter Dorrestein	Data deposited by lfnothias	M+H	118.086	0.0	1	107437					3	Positive	GNPS-NIST14-MATCHES	118.086	UPDATE-SINGLE-ANNOTATED-BRONZE	Bronze											mzspec:GNPS:GNPS-LIBRARY:CCMSLIB00003137661
CCMSLIB00006679758	12201	spectra_filtered.mgf	GNPS_Drug_Library_Spectra_Drugs_and_Metabolites.mgf	0.927153	1484000.0	0	45.4052	9	0.00999451	220.108	1	temp/spectra_filtered.mgf12201	1	PANTOTHENIC ACID	ESI	Orbitrap	isolated	MoNA	MoNA:MoNA037518	M+H	220.118	0.0	1			CC(C)(CO)C(/C(=N/CCC(=O)O)/O)O	"""InChI=1S/C9H17NO5/c1-9(2,5-11)7(14)8(15)10-4-3-6(12)13/h7,11,14H,3-5H2,1-2H3,(H,10,15)(H,12,13)"""		3	positive	MONA	220.118	UPDATE-SINGLE-ANNOTATED-BRONZE	Bronze		C9H17NO5	GHOKWGTUZJEAQD-UHFFFAOYSA-N	GHOKWGTUZJEAQD	Organic acids and derivatives	Carboxylic acids and derivatives	Amino acids, peptides, and analogues	Fatty Acids and Conjugates	Branched fatty acids	Fatty acids	mzspec:GNPS:GNPS-LIBRARY:CCMSLIB00006679758
CCMSLIB00003138364	4973	spectra_filtered.mgf	GNPS_Drug_Library_Spectra_Drugs_and_Metabolites.mgf	0.926771	237000.0	0	4.26418	4	0.00050354	118.087	1	temp/spectra_filtered.mgf4973	1	Spectral Match to Betaine from NIST14	ESI	QqQ	Isolated	Data from Joshua Wollam	Data deposited by fevargas	M+H	118.086	0.0	1	107437					3	Positive	GNPS-NIST14-MATCHES	118.086	UPDATE-SINGLE-ANNOTATED-BRONZE	Bronze											mzspec:GNPS:GNPS-LIBRARY:CCMSLIB00003138364
CCMSLIB00005774333	12194	spectra_filtered.mgf	GNPS_Drug_Library_Spectra_Drugs_and_Metabolites.mgf	0.92669	9113000.0	0	0.0	8	0.0	373.158	1	temp/spectra_filtered.mgf12194	1	Massbank:AU229002 Desacetyldiltiazem|(2S,3S)-5-[2-(dimethylamino)ethyl]-3-hydroxy-2-(4-methoxyphenyl)-2,3-dihydro-1,5-benzothiazepin-4-one	ESI	qTof	Isolated	Massbank	Massbank	M+H	373.158	0.0	1	4592-94-3		CN(C)CCN1c2ccccc2S[C@H]([C@H](C1=O)O)c3ccc(cc3)OC	1S/C20H24N2O3S/c1-21(2)12-13-22-16-6-4-5-7-17(16)26-19(18(23)20(22)24)14-8-10-15(25-3)11-9-14/h4-11,18-19,23H,12-13H2,1-3H3/t18-,19+/m1/s1		3	Positive	MASSBANK	373.158	UPDATE-SINGLE-ANNOTATED-BRONZE	Bronze		C20H24N2O3S	NZHUXMZTSSZXSB-MOPGFXCFSA-N	NZHUXMZTSSZXSB				Anthranilic acid alkaloids		Alkaloids	mzspec:GNPS:GNPS-LIBRARY:CCMSLIB00005774333
CCMSLIB00003138364	5172	spectra_filtered.mgf	GNPS_Drug_Library_Spectra_Drugs_and_Metabolites.mgf	0.926656	217000.0	0	4.26418	4	0.00050354	118.087	1	temp/spectra_filtered.mgf5172	1	Spectral Match to Betaine from NIST14	ESI	QqQ	Isolated	Data from Joshua Wollam	Data deposited by fevargas	M+H	118.086	0.0	1	107437					3	Positive	GNPS-NIST14-MATCHES	118.086	UPDATE-SINGLE-ANNOTATED-BRONZE	Bronze											mzspec:GNPS:GNPS-LIBRARY:CCMSLIB00003138364
CCMSLIB00010139352	135	spectra_filtered.mgf	GNPS_Drug_Library_Spectra_Drugs_and_Metabolites.mgf	0.924988	3351000.0	0	0.146998	4	6.10352e-05	415.211	1	temp/spectra_filtered.mgf135	1	Trospium	ESI	Orbitrap	Crude	Tomas Pluskal	Corinna Brungs	M+H	415.211	392.222	1			O=C(OC1C[C@H]2CC[C@@H](C1)[N+]21CCCC1)C(O)(c1ccccc1)c1ccccc1	"""InChI=1S/C25H30NO3/c27-24(25(28,19-9-3-1-4-10-19)20-11-5-2-6-12-20)29-23-17-21-13-14-22(18-23)26(21)15-7-8-16-26/h1-6,9-12,21-23,28H,7-8,13-18H2/q+1/t21-,22+,23?"""	OYYDSUSKLWTMMQ-AIZNXBIQSA-N	3	Positive	MCE-DRUG	415.211	UPDATE-SINGLE-ANNOTATED-BRONZE	Bronze			OYYDSUSKLWTMMQ-AIZNXBIQSA-N	OYYDSUSKLWTMMQ	Benzenoids	Benzene and substituted derivatives	Diphenylmethanes				mzspec:GNPS:GNPS-LIBRARY:CCMSLIB00010139352
CCMSLIB00010137641	7404	spectra_filtered.mgf	GNPS_Drug_Library_Spectra_Drugs_and_Metabolites.mgf	0.923984	1669000.0	0	0.476666	7	9.15527e-05	192.069	1	temp/spectra_filtered.mgf7404	1	N-Acetyl-DL-methionine	ESI	Orbitrap	Crude	Tomas Pluskal	Corinna Brungs	M+H	192.069	191.062	0			CSCCC(NC(C)=O)C(=O)O	"""InChI=1S/C7H13NO3S/c1-5(9)8-6(7(10)11)3-4-12-2/h6H,3-4H2,1-2H3,(H,8,9)(H,10,11)"""	XUYPXLNMDZIRQH-UHFFFAOYSA-N	3	Positive	MCE-DRUG	192.069	UPDATE-SINGLE-ANNOTATED-BRONZE	Bronze		C7H13NO3S	XUYPXLNMDZIRQH-UHFFFAOYSA-N	XUYPXLNMDZIRQH	Organic acids and derivatives	Carboxylic acids and derivatives	Amino acids, peptides, and analogues	Small peptides	Dipeptides	Amino acids and Peptides	mzspec:GNPS:GNPS-LIBRARY:CCMSLIB00010137641
CCMSLIB00005776377	11022	spectra_filtered.mgf	GNPS_Drug_Library_Spectra_Drugs_and_Metabolites.mgf	0.92182	1277000.0	0	0.252803	5	9.15527e-05	362.151	1	temp/spectra_filtered.mgf11022	1	Massbank:AU103303 Ofloxacin|7-fluoro-2-methyl-6-(4-methylpiperazin-1-yl)-10-oxo-4-oxa-1-azatricyclo[7.3.1.05,13]trideca-5(13),6,8,11-tetraene-11-carboxylic acid	ESI	qTof	Isolated	Massbank	Massbank	M+H	362.151	0.0	1	82419-36-1		CC1COC2=C3N1C=C(C(O)=O)C(=O)C3=CC(F)=C2N1CCN(C)CC1	1S/C18H20FN3O4/c1-10-9-26-17-14-11(16(23)12(18(24)25)8-22(10)14)7-13(19)15(17)21-5-3-20(2)4-6-21/h7-8,10H,3-6,9H2,1-2H3,(H,24,25)		3	Positive	MASSBANK	362.151	UPDATE-SINGLE-ANNOTATED-BRONZE	Bronze		C18H20FN3O4	GSDSWSVVBLHKDQ-UHFFFAOYSA-N	GSDSWSVVBLHKDQ	Organoheterocyclic compounds	Quinolines and derivatives	Quinoline carboxylic acids			Alkaloids	mzspec:GNPS:GNPS-LIBRARY:CCMSLIB00005776377
CCMSLIB00013654733	12195	spectra_filtered.mgf	GNPS_Drug_Library_Spectra_Drug_Analogs_Updated.mgf	0.921017	14938000.0	0	0.254921	15	9.15527e-05	359.142	1	temp/spectra_filtered.mgf12195	1	"""related spectra of 'Massbank:AU229006 Desacetyldiltiazem|(2S,3S)-5-[2-(dimethylamino)ethyl]-3-hydroxy-2-(4-methoxyphenyl)-2,3-dihydro-1,5-benzothiazepin-4-one (Delta Mass:-14.016)'"""	LC-ESI	Orbitrap	Crude	Pieter Dorrestein	Nina Zhao	M+H	359.142	0.0	1						3	Positive	GNPS-DRUG-ANALOG	359.142	UPDATE-SINGLE-ANNOTATED-BRONZE	Bronze											mzspec:GNPS:GNPS-LIBRARY:CCMSLIB00013654733
CCMSLIB00006366743	14681	spectra_filtered.mgf	GNPS_Drug_Library_Spectra_Drugs_and_Metabolites.mgf	0.920669	48000.0	0	13.7339	2	0.0039978	291.086	1	temp/spectra_filtered.mgf14681	1	(+)Catechin	ESI	Orbitrap	Commercial standard	BMDMS-NP	BMDMS-NP	[M+H]+	291.09	290.079	1			OC=1C=C(O)C2=C(OC(C3=CC=C(O)C(O)=C3)C(O)C2)C1	InChI=1S/C15H14O6/c16-8-4-11(18)9-6-13(20)15(21-14(9)5-8)7-1-2-10(17)12(19)3-7/h1-5,13,15-20H,6H2		1	Positive	BMDMS-NP	291.09	UPDATE-SINGLE-ANNOTATED-GOLD	Gold		C15H14O6	PFTAWBLQPZVEMU-UHFFFAOYSA-N	PFTAWBLQPZVEMU	Phenylpropanoids and polyketides	Flavonoids	Flavans	Flavonoids	Flavan-3-ols	Shikimates and Phenylpropanoids	mzspec:GNPS:GNPS-LIBRARY:CCMSLIB00006366743
CCMSLIB00010139352	7251	spectra_filtered.mgf	GNPS_Drug_Library_Spectra_Drugs_and_Metabolites.mgf	0.918976	281000.0	0	0.367495	2	0.000152588	415.211	1	temp/spectra_filtered.mgf7251	1	Trospium	ESI	Orbitrap	Crude	Tomas Pluskal	Corinna Brungs	M+H	415.211	392.222	1			O=C(OC1C[C@H]2CC[C@@H](C1)[N+]21CCCC1)C(O)(c1ccccc1)c1ccccc1	"""InChI=1S/C25H30NO3/c27-24(25(28,19-9-3-1-4-10-19)20-11-5-2-6-12-20)29-23-17-21-13-14-22(18-23)26(21)15-7-8-16-26/h1-6,9-12,21-23,28H,7-8,13-18H2/q+1/t21-,22+,23?"""	OYYDSUSKLWTMMQ-AIZNXBIQSA-N	3	Positive	MCE-DRUG	415.211	UPDATE-SINGLE-ANNOTATED-BRONZE	Bronze			OYYDSUSKLWTMMQ-AIZNXBIQSA-N	OYYDSUSKLWTMMQ	Benzenoids	Benzene and substituted derivatives	Diphenylmethanes				mzspec:GNPS:GNPS-LIBRARY:CCMSLIB00010139352
CCMSLIB00013654994	13893	spectra_filtered.mgf	GNPS_Drug_Library_Spectra_Drug_Analogs_Updated.mgf	0.918208	774000.0	0	1.27502	8	0.000396729	311.155	1	temp/spectra_filtered.mgf13893	1	"""related spectra of 'MassbankEU:SM859002 Acetyl-sulfamethoxazole|N-[4-[(5-methyl-1,2-oxazol-3-yl)sulfamoyl]phenyl]acetamide (Delta Mass:-14.016)'"""	LC-ESI	Orbitrap	Crude	Pieter Dorrestein	Nina Zhao	M+H	311.155	0.0	1						3	Positive	GNPS-DRUG-ANALOG	311.155	UPDATE-SINGLE-ANNOTATED-BRONZE	Bronze											mzspec:GNPS:GNPS-LIBRARY:CCMSLIB00013654994
CCMSLIB00006678341	15690	spectra_filtered.mgf	GNPS_Drug_Library_Spectra_Drugs_and_Metabolites.mgf	0.916641	90000.0	0	5.78939	2	0.000602722	104.107	1	temp/spectra_filtered.mgf15690	1	CHOLINE	ESI	Orbitrap	isolated	MoNA	MoNA:MoNA038602	M	104.108	0.0	1			C[N+](C)(C)CCO	"""InChI=1S/C5H14NO/c1-6(2,3)4-5-7/h7H,4-5H2,1-3H3/q+1"""		3	positive	MONA	104.108	UPDATE-SINGLE-ANNOTATED-BRONZE	Bronze			OEYIOHPDSNJKLS-UHFFFAOYSA-N	OEYIOHPDSNJKLS	Organic nitrogen compounds	Organonitrogen compounds	Quaternary ammonium salts				mzspec:GNPS:GNPS-LIBRARY:CCMSLIB00006678341
CCMSLIB00006672970	2771	spectra_filtered.mgf	GNPS_Drug_Library_Spectra_Drugs_and_Metabolites.mgf	0.916344	175000.0	0	3.67194	2	0.00050354	137.133	1	temp/spectra_filtered.mgf2771	1	1_8_cineole	ESI	Orbitrap	Commercial	Ulaszewska	Marynka Ulaszewska	M-H2O+H	137.132	154.136	1	470-82-6	2758.0	CC1(C2CCC(O1)(CC2)C)C	InChI=1S/C10H18O/c1-9(2)8-4-6-10(3,11-9)7-5-8/h8H,4-7H2,1-3H3		1	Positive	GNPS-NUTRI-METAB-FEM-POS	137.132	UPDATE-SINGLE-ANNOTATED-GOLD	Gold		C10H18O	WEEGYLXZBRQIMU-UHFFFAOYSA-N	WEEGYLXZBRQIMU				Monoterpenoids	Menthane monoterpenoids|Monocyclic monoterpenoids	Terpenoids	mzspec:GNPS:GNPS-LIBRARY:CCMSLIB00006672970
CCMSLIB00010137212	7556	spectra_filtered.mgf	GNPS_Drug_Library_Spectra_Drugs_and_Metabolites.mgf	0.916333	3307000.0	0	0.409499	7	0.00012207	298.097	1	temp/spectra_filtered.mgf7556	1	Methylthioadenosine	ESI	Orbitrap	Crude	Tomas Pluskal	Corinna Brungs	M+H	298.097	297.09	1			CSC[C@H]1O[C@@H](n2cnc3c(N)ncnc32)[C@H](O)[C@@H]1O	"""InChI=1S/C11H15N5O3S/c1-20-2-5-7(17)8(18)11(19-5)16-4-15-6-9(12)13-3-14-10(6)16/h3-5,7-8,11,17-18H,2H2,1H3,(H2,12,13,14)/t5-,7-,8-,11-/m1/s1"""	WUUGFSXJNOTRMR-IOSLPCCCSA-N	3	Positive	MCE-DRUG	298.097	UPDATE-SINGLE-ANNOTATED-BRONZE	Bronze		C11H15N5O3S	WUUGFSXJNOTRMR-IOSLPCCCSA-N	WUUGFSXJNOTRMR	Nucleosides, nucleotides, and analogues	5'-deoxyribonucleosides	5'-deoxy-5'-thionucleosides	Nucleosides	Purine nucleos(t)ides	Carbohydrates	mzspec:GNPS:GNPS-LIBRARY:CCMSLIB00010137212
CCMSLIB00005773209	13858	spectra_filtered.mgf	GNPS_Drug_Library_Spectra_Drugs_and_Metabolites.mgf	0.915138	2294000.0	0	0.0	10	0.0	291.145	1	temp/spectra_filtered.mgf13858	1	Massbank:AU266606 Trimethoprim|5-[(3,4,5-trimethoxyphenyl)methyl]pyrimidine-2,4-diamine	ESI	qTof	Isolated	Massbank	Massbank	M+H	291.145	0.0	1	738-70-5		COC1=CC(CC2=C(N)N=C(N)N=C2)=CC(OC)=C1OC	1S/C14H18N4O3/c1-19-10-5-8(6-11(20-2)12(10)21-3)4-9-7-17-14(16)18-13(9)15/h5-7H,4H2,1-3H3,(H4,15,16,17,18)		3	Positive	MASSBANK	291.145	UPDATE-SINGLE-ANNOTATED-BRONZE	Bronze		C14H18N4O3	IEDVJHCEMCRBQM-UHFFFAOYSA-N	IEDVJHCEMCRBQM	Benzenoids	Phenol ethers	Anisoles			Alkaloids	mzspec:GNPS:GNPS-LIBRARY:CCMSLIB00005773209
CCMSLIB00003137290	6213	spectra_filtered.mgf	GNPS_Drug_Library_Spectra_Drugs_and_Metabolites.mgf	0.915001	694000.0	0	1.82693	8	0.000488281	267.268	1	temp/spectra_filtered.mgf6213	1	Spectral Match to cis,cis-9,12-Octadecadien-1-ol from NIST14	ESI	HCD	Isolated	Data from Pieter C Dorrestein	Data deposited by negarg	M+H	267.268	0.0	1	506434					3	Positive	GNPS-NIST14-MATCHES	267.268	UPDATE-SINGLE-ANNOTATED-BRONZE	Bronze											mzspec:GNPS:GNPS-LIBRARY:CCMSLIB00003137290
CCMSLIB00005884161	2933	spectra_filtered.mgf	GNPS_Drug_Library_Spectra_Drugs_and_Metabolites.mgf	0.912201	278000.0	0	1.27094	2	0.000198364	156.077	1	temp/spectra_filtered.mgf2933	1	L-HISTIDINE - 20.0 eV	ESI	Orbitrap	Isolated	Madeleine Ernst	Anna Abrahamsson	M+H	156.077	0.0	1	5934-29-2		N[C@@H](CC1=CNC=N1)C(O)=O	InChI=1S/C6H9N3O2/c7-5(6(10)11)1-4-2-8-3-9-4/h2-3,5H,1,7H2,(H,8,9)(H,10,11)/t5-/m0/s1		1	Positive	GNPS-LIBRARY	156.077	UPDATE-SINGLE-ANNOTATED-GOLD	Gold		C6H9N3O2	HNDVDQJCIGZPNO-YFKPBYRVSA-N	HNDVDQJCIGZPNO				Small peptides	Aminoacids	Amino acids and Peptides	mzspec:GNPS:GNPS-LIBRARY:CCMSLIB00005884161
CCMSLIB00000006402	12346	spectra_filtered.mgf	GNPS_Drug_Library_Spectra_Drugs_and_Metabolites.mgf	0.911817	146000.0	0	10.4062	4	0.0039978	384.17	1	temp/spectra_filtered.mgf12346	1	QuetiapineFumarate	LC-ESI	qTof	Isolated	Sirenas	Ed Esquenazi 	M+H	384.174	254.931	1			C[N+]1=CC=CC=C1Cl.[I-]	InChI=1S/C6H7ClN.HI/c1-8-5-3-2-4-6(8)7;/h2-5H,1H3;1H/q+1;/p-1		3	Positive	GNPS-SELLECKCHEM-FDA-PART1	384.174	UPDATE-SINGLE-ANNOTATED-BRONZE	Bronze			ABFPKTQEQNICFT-UHFFFAOYSA-M	ABFPKTQEQNICFT	Organoheterocyclic compounds	Pyridines and derivatives	Methylpyridines				mzspec:GNPS:GNPS-LIBRARY:CCMSLIB00000006402
CCMSLIB00003137365	143	spectra_filtered.mgf	GNPS_Drug_Library_Spectra_Drugs_and_Metabolites.mgf	0.910033	378000.0	0	1.03241	3	0.000198364	192.138	1	temp/spectra_filtered.mgf143	1	Spectral Match to Diethyltoluamide from NIST14	LC-ESI	qTof	Isolated	Data from Wolfender/Litaudon	Data deposited by pmallard	M+H	192.138	0.0	1	134623		O=C(N(CC)CC)c1cccc(C)c1	InChI=1S/C12H17NO/c1-4-13(5-2)12(14)11-8-6-7-10(3)9-11/h6-9H,4-5H2,1-3H3		3	Positive	GNPS-NIST14-MATCHES	192.138	UPDATE-SINGLE-ANNOTATED-BRONZE	Bronze		C12H17NO	MMOXZBCLCQITDF-UHFFFAOYSA-N	MMOXZBCLCQITDF	Benzenoids	Benzene and substituted derivatives	Toluenes			Alkaloids	mzspec:GNPS:GNPS-LIBRARY:CCMSLIB00003137365
CCMSLIB00010150578	7544	spectra_filtered.mgf	GNPS_Drug_Library_Spectra_Drugs_and_Metabolites.mgf	0.909682	1676000.0	0	0.4197	4	9.15527e-05	218.139	1	temp/spectra_filtered.mgf7544	1	Propionylcarnitine	ESI	Orbitrap	Crude	Tomas Pluskal	Corinna Brungs	M+H	218.139	217.131	1			CCC(=O)OC(CC(=O)[O-])C[N+](C)(C)C	"""InChI=1S/C10H19NO4/c1-5-10(14)15-8(6-9(12)13)7-11(2,3)4/h8H,5-7H2,1-4H3"""	UFAHZIUFPNSHSL-UHFFFAOYSA-N	3	Positive	MCE-DRUG	218.139	UPDATE-SINGLE-ANNOTATED-BRONZE	Bronze			UFAHZIUFPNSHSL-UHFFFAOYSA-N	UFAHZIUFPNSHSL	Lipids and lipid-like molecules	Fatty Acyls	Fatty acid esters				mzspec:GNPS:GNPS-LIBRARY:CCMSLIB00010150578
CCMSLIB00000077086	14068	spectra_filtered.mgf	GNPS_Drug_Library_Spectra_Drugs_and_Metabolites.mgf	0.909314	1452000.0	0	7.41104	5	0.00289917	391.193	1	temp/spectra_filtered.mgf14068	1	Meclizine hydrochloride	LC-ESI	qTof	Commercial	Dorrestein	Garg_Neha	[M+H]	391.196	390.186	1				Cc1cccc(CN2CCN(CC2)C(c3ccccc3)c4ccc(Cl)cc4)c1		1	Positive	GNPS-NIH-CLINICALCOLLECTION2	391.196	UPDATE-SINGLE-ANNOTATED-GOLD	Gold											mzspec:GNPS:GNPS-LIBRARY:CCMSLIB00000077086
CCMSLIB00000578981	11021	spectra_filtered.mgf	GNPS_Drug_Library_Spectra_Drugs_and_Metabolites.mgf	0.907531	2364000.0	0	0.808578	7	0.000213623	264.196	1	temp/spectra_filtered.mgf11021	1	MassbankEU:ET190105 VEN_264.1959_10.8|O-Desmethylvenlafaxine|4-[2-(dimethylamino)-1-(1-hydroxycyclohexyl)ethyl]phenol	ESI	LC-ESI-QFT	Isolated	Massbank EU	Massbank	[M+H]+	264.196	0.0	1	93413-62-8		CN(C)CC(C1=CC=C(O)C=C1)C1(O)CCCCC1	1S/C16H25NO2/c1-17(2)12-15(13-6-8-14(18)9-7-13)16(19)10-4-3-5-11-16/h6-9,15,18-19H,3-5,10-12H2,1-2H3		3	Positive	MASSBANKEU	264.196	UPDATE-SINGLE-ANNOTATED-BRONZE	Bronze		C16H25NO2	KYYIDSXMWOZKMP-UHFFFAOYSA-N	KYYIDSXMWOZKMP	Organic oxygen compounds	Organooxygen compounds	Alcohols and polyols			Alkaloids	mzspec:GNPS:GNPS-LIBRARY:CCMSLIB00000578981
CCMSLIB00006679640	1611	spectra_filtered.mgf	GNPS_Drug_Library_Spectra_Drugs_and_Metabolites.mgf	0.907491	737000.0	0	0.0	5	0.0	204.123	1	temp/spectra_filtered.mgf1611	1	ACETYL-CARNITINE	ESI	Orbitrap	isolated	MoNA	MoNA:MoNA038501	M+H	204.123	0.0	1			CC(=O)O[C@H](CC(=O)[O-])C[N+](C)(C)C	"""InChI=1S/C9H17NO4/c1-7(11)14-8(5-9(12)13)6-10(2,3)4/h8H,5-6H2,1-4H3/t8-/m1/s1"""		3	positive	MONA	204.123	UPDATE-SINGLE-ANNOTATED-BRONZE	Bronze			RDHQFKQIGNGIED-MRVPVSSYSA-N	RDHQFKQIGNGIED	Lipids and lipid-like molecules	Fatty Acyls	Fatty acid esters				mzspec:GNPS:GNPS-LIBRARY:CCMSLIB00006679640
CCMSLIB00005775561	13448	spectra_filtered.mgf	GNPS_Drug_Library_Spectra_Drugs_and_Metabolites.mgf	0.906513	91000.0	0	0.0	3	0.0	321.019	1	temp/spectra_filtered.mgf13448	1	Massbank:AU151202 Lorazepam|7-chloro-5-(2-chlorophenyl)-3-hydroxy-1,3-dihydro-1,4-benzodiazepin-2-one	ESI	qTof	Isolated	Massbank	Massbank	M+H	321.019	0.0	1	846-49-1		OC1N=C(C2=CC=CC=C2Cl)C2=C(NC1=O)C=CC(Cl)=C2	1S/C15H10Cl2N2O2/c16-8-5-6-12-10(7-8)13(19-15(21)14(20)18-12)9-3-1-2-4-11(9)17/h1-7,15,21H,(H,18,20)		3	Positive	MASSBANK	321.019	UPDATE-SINGLE-ANNOTATED-BRONZE	Bronze		C15H10Cl2N2O2	DIWRORZWFLOCLC-UHFFFAOYSA-N	DIWRORZWFLOCLC	Organoheterocyclic compounds	Benzodiazepines	1,4-benzodiazepines	Anthranilic acid alkaloids		Alkaloids	mzspec:GNPS:GNPS-LIBRARY:CCMSLIB00005775561
CCMSLIB00005883855	1062	spectra_filtered.mgf	GNPS_Drug_Library_Spectra_Drugs_and_Metabolites.mgf	0.905672	445000.0	0	4.26418	5	0.00050354	118.087	1	temp/spectra_filtered.mgf1062	1	L-VALINE - 70.0 eV	ESI	Orbitrap	Isolated	Madeleine Ernst	Anna Abrahamsson	M+H	118.086	0.0	1	72-18-4		CC(C)[C@H](N)C(O)=O	InChI=1S/C5H11NO2/c1-3(2)4(6)5(7)8/h3-4H,6H2,1-2H3,(H,7,8)/t4-/m0/s1		1	Positive	GNPS-LIBRARY	118.086	UPDATE-SINGLE-ANNOTATED-GOLD	Gold		C5H11NO2	KZSNJWFQEVHDMF-BYPYZUCNSA-N	KZSNJWFQEVHDMF	Organic acids and derivatives	Carboxylic acids and derivatives	Amino acids, peptides, and analogues	Small peptides	Aminoacids	Amino acids and Peptides	mzspec:GNPS:GNPS-LIBRARY:CCMSLIB00005883855
CCMSLIB00006121003	16558	spectra_filtered.mgf	GNPS_Drug_Library_Spectra_Drugs_and_Metabolites.mgf	0.905507	71000.0	0	4.26418	3	0.00050354	118.087	1	temp/spectra_filtered.mgf16558	1	Carboxy-N,N,N-trimethylmethanaminium - 40.0 eV	ESI	Orbitrap	Isolated	PI	Data Collector	M	118.086	0.0	1			C[N+](C)(C)CC(=O)O	InChI=1S/C5H11NO2/c1-6(2,3)4-5(7)8/h4H2,1-3H3/p+1		1	Positive	BIRMINGHAM-UHPLC-MS-POS	118.086	UPDATE-SINGLE-ANNOTATED-GOLD	Gold			KWIUHFFTVRNATP-UHFFFAOYSA-O	KWIUHFFTVRNATP	Organic acids and derivatives	Carboxylic acids and derivatives	Amino acids, peptides, and analogues				mzspec:GNPS:GNPS-LIBRARY:CCMSLIB00006121003
CCMSLIB00010103320	7280	spectra_filtered.mgf	GNPS_Drug_Library_Spectra_Drugs_and_Metabolites.mgf	0.905157	577000.0	0	0.0	2	0.0	263.146	1	temp/spectra_filtered.mgf7280	1	creatine CollisionEnergy:102040	LC-ESI	Orbitrap	Commercial	Trent Northen	JGI	2M+H	263.146	0.0	1			CN(CC(=O)O)C(=N)N	"""InChI=1S/C4H9N3O2/c1-7(4(5)6)2-3(8)9/h2H2,1H3,(H3,5,6)(H,8,9)"""		3	Positive	BERKELEY-LAB	263.146	UPDATE-SINGLE-ANNOTATED-BRONZE	Bronze		C4H9N3O2	CVSVTCORWBXHQV-UHFFFAOYSA-N	CVSVTCORWBXHQV	Organic acids and derivatives	Carboxylic acids and derivatives	Amino acids, peptides, and analogues	Small peptides	Aminoacids	Amino acids and Peptides	mzspec:GNPS:GNPS-LIBRARY:CCMSLIB00010103320
CCMSLIB00010152336	7350	spectra_filtered.mgf	GNPS_Drug_Library_Spectra_Drugs_and_Metabolites.mgf	0.900812	333000.0	0	0.508115	3	0.000183105	360.362	1	temp/spectra_filtered.mgf7350	1	Cetalkonium	ESI	Orbitrap	Crude	Tomas Pluskal	Corinna Brungs	M+H	360.362	360.362	1			CCCCCCCCCCCCCCCC[N+](C)(C)Cc1ccccc1	"""InChI=1S/C25H46N/c1-4-5-6-7-8-9-10-11-12-13-14-15-16-20-23-26(2,3)24-25-21-18-17-19-22-25/h17-19,21-22H,4-16,20,23-24H2,1-3H3/q+1"""	QDYLMAYUEZBUFO-UHFFFAOYSA-N	3	Positive	MCE-DRUG	360.362	UPDATE-SINGLE-ANNOTATED-BRONZE	Bronze			QDYLMAYUEZBUFO-UHFFFAOYSA-N	QDYLMAYUEZBUFO	Benzenoids	Benzene and substituted derivatives	Phenylmethylamines				mzspec:GNPS:GNPS-LIBRARY:CCMSLIB00010152336
CCMSLIB00010136617	7353	spectra_filtered.mgf	GNPS_Drug_Library_Spectra_Drugs_and_Metabolites.mgf	0.900146	3433000.0	0	0.075084	5	1.52588e-05	203.223	1	temp/spectra_filtered.mgf7353	1	spermine	ESI	Orbitrap	Crude	Tomas Pluskal	Corinna Brungs	M+H	203.223	202.216	1			NCCCNCCCCNCCCN	"""InChI=1S/C10H26N4/c11-5-3-9-13-7-1-2-8-14-10-4-6-12/h13-14H,1-12H2"""	PFNFFQXMRSDOHW-UHFFFAOYSA-N	3	Positive	MCE-DRUG	203.223	UPDATE-SINGLE-ANNOTATED-BRONZE	Bronze		C10H26N4	PFNFFQXMRSDOHW-UHFFFAOYSA-N	PFNFFQXMRSDOHW	Organic nitrogen compounds	Organonitrogen compounds	Amines	Ornithine alkaloids	Polyamines	Alkaloids	mzspec:GNPS:GNPS-LIBRARY:CCMSLIB00010136617
CCMSLIB00013654549	14066	spectra_filtered.mgf	GNPS_Drug_Library_Spectra_Drug_Analogs_Updated.mgf	0.896362	11086000.0	0	23.3832	5	0.00671387	287.131	1	temp/spectra_filtered.mgf14066	1	related spectra of 'Hydroxyzine 2HCl (Delta Mass:-88.053)'	LC-ESI	Orbitrap	Crude	Pieter Dorrestein	Nina Zhao	M+H	287.124	0.0	1						3	Positive	GNPS-DRUG-ANALOG	287.124	UPDATE-SINGLE-ANNOTATED-BRONZE	Bronze											mzspec:GNPS:GNPS-LIBRARY:CCMSLIB00013654549
CCMSLIB00003137661	3726	spectra_filtered.mgf	GNPS_Drug_Library_Spectra_Drugs_and_Metabolites.mgf	0.894337	246000.0	0	4.26418	3	0.00050354	118.087	1	temp/spectra_filtered.mgf3726	1	Spectral Match to Betaine from NIST14	ESI	QqQ	Isolated	Data from Pieter Dorrestein	Data deposited by lfnothias	M+H	118.086	0.0	1	107437					3	Positive	GNPS-NIST14-MATCHES	118.086	UPDATE-SINGLE-ANNOTATED-BRONZE	Bronze											mzspec:GNPS:GNPS-LIBRARY:CCMSLIB00003137661
CCMSLIB00005884161	2237	spectra_filtered.mgf	GNPS_Drug_Library_Spectra_Drugs_and_Metabolites.mgf	0.892763	280000.0	0	1.27094	2	0.000198364	156.077	1	temp/spectra_filtered.mgf2237	1	L-HISTIDINE - 20.0 eV	ESI	Orbitrap	Isolated	Madeleine Ernst	Anna Abrahamsson	M+H	156.077	0.0	1	5934-29-2		N[C@@H](CC1=CNC=N1)C(O)=O	InChI=1S/C6H9N3O2/c7-5(6(10)11)1-4-2-8-3-9-4/h2-3,5H,1,7H2,(H,8,9)(H,10,11)/t5-/m0/s1		1	Positive	GNPS-LIBRARY	156.077	UPDATE-SINGLE-ANNOTATED-GOLD	Gold		C6H9N3O2	HNDVDQJCIGZPNO-YFKPBYRVSA-N	HNDVDQJCIGZPNO	Organic acids and derivatives	Carboxylic acids and derivatives	Amino acids, peptides, and analogues	Small peptides	Aminoacids	Amino acids and Peptides	mzspec:GNPS:GNPS-LIBRARY:CCMSLIB00005884161
CCMSLIB00010129864	12421	spectra_filtered.mgf	GNPS_Drug_Library_Spectra_Drugs_and_Metabolites.mgf	0.891095	70000.0	0	0.740141	3	0.000305176	412.321	1	temp/spectra_filtered.mgf12421	1	benzethonium	ESI	Orbitrap	Crude	Tomas Pluskal	Corinna Brungs	M+H	412.321	412.321	1			CC(C)(C)CC(C)(C)c1ccc(OCCOCC[N+](C)(C)Cc2ccccc2)cc1	"""InChI=1S/C27H42NO2/c1-26(2,3)22-27(4,5)24-13-15-25(16-14-24)30-20-19-29-18-17-28(6,7)21-23-11-9-8-10-12-23/h8-16H,17-22H2,1-7H3/q+1"""	SIYLLGKDQZGJHK-UHFFFAOYSA-N	3	Positive	MCE-DRUG	412.321	UPDATE-SINGLE-ANNOTATED-BRONZE	Bronze			SIYLLGKDQZGJHK-UHFFFAOYSA-N	SIYLLGKDQZGJHK	Benzenoids	Benzene and substituted derivatives	Phenylpropanes				mzspec:GNPS:GNPS-LIBRARY:CCMSLIB00010129864
CCMSLIB00003137500	1978	spectra_filtered.mgf	GNPS_Drug_Library_Spectra_Drugs_and_Metabolites.mgf	0.889706	198000.0	0	1.56987	9	0.000579834	369.351	1	temp/spectra_filtered.mgf1978	1	Spectral Match to Cholesterol from NIST14	ESI	qTof	Isolated	Data from Gabriel Haddad	Data deposited by mjmeehan	M+H-H2O	369.352	386.355	1	57885		C[C@H](CCCC(C)C)[C@H]1CC[C@@H]2[C@@]1(CC[C@H]3[C@H]2CC=C4[C@@]3(CC[C@@H](C4)O)C)C	InChI=1S/C27H46O/c1-18(2)7-6-8-19(3)23-11-12-24-22-10-9-20-17-21(28)13-15-26(20,4)25(22)14-16-27(23,24)5/h9,18-19,21-25,28H,6-8,10-17H2,1-5H3/t19-,21+,22+,23-,24+,25+,26+,27-/m1/s1		3	Positive	GNPS-NIST14-MATCHES	369.352	UPDATE-SINGLE-ANNOTATED-BRONZE	Bronze		C27H46O	HVYWMOMLDIMFJA-DPAQBDIFSA-N	HVYWMOMLDIMFJA	Lipids and lipid-like molecules	Steroids and steroid derivatives	Cholestane steroids	Steroids	Cholestane steroids	Terpenoids	mzspec:GNPS:GNPS-LIBRARY:CCMSLIB00003137500
CCMSLIB00003137661	8778	spectra_filtered.mgf	GNPS_Drug_Library_Spectra_Drugs_and_Metabolites.mgf	0.887581	265000.0	0	4.26418	3	0.00050354	118.087	1	temp/spectra_filtered.mgf8778	1	Spectral Match to Betaine from NIST14	ESI	QqQ	Isolated	Data from Pieter Dorrestein	Data deposited by lfnothias	M+H	118.086	0.0	1	107437					3	Positive	GNPS-NIST14-MATCHES	118.086	UPDATE-SINGLE-ANNOTATED-BRONZE	Bronze											mzspec:GNPS:GNPS-LIBRARY:CCMSLIB00003137661
CCMSLIB00005464403	1090	spectra_filtered.mgf	GNPS_Drug_Library_Spectra_Drugs_and_Metabolites.mgf	0.886969	270000.0	0	1.04846	2	0.000305176	291.07	1	temp/spectra_filtered.mgf1090	1	INOSINE	ESI	Orbitrap	Commercial	Dorrestein	Kelly Weldon	M+Na	291.07	268.081	1	58-63-9		OC[C@H]1O[C@H]([C@H](O)[C@@H]1O)N1C=NC2=C1N=CNC2=O	"""InChI=1S/C10H12N4O5/c15-1-4-6(16)7(17)10(19-4)14-3-13-5-8(14)11-2-12-9(5)18/h2-4,6-7,10,15-17H,1H2,(H,11,12,18)/t4-,6-,7-,10-/m1/s1"""		1	Positive	GNPS-MSMLS	291.07	UPDATE-SINGLE-ANNOTATED-GOLD	Gold		C10H12N4O5	UGQMRVRMYYASKQ-KQYNXXCUSA-N	UGQMRVRMYYASKQ				Nucleosides	Purine nucleos(t)ides	Carbohydrates	mzspec:GNPS:GNPS-LIBRARY:CCMSLIB00005464403
CCMSLIB00005738623	8243	spectra_filtered.mgf	GNPS_Drug_Library_Spectra_Drugs_and_Metabolites.mgf	0.886907	64000.0	0	1.09291	4	0.000305176	279.232	1	temp/spectra_filtered.mgf8243	1	Massbank:RP030402 ?-linolenic acid|linolenic acid|(9Z,12Z,15Z)-octadeca-9,12,15-trienoic acid	ESI	qTof	Isolated	Massbank	Massbank	M+H	279.232	0.0	1	463-40-1		CC/C=C\C/C=C\C/C=C\CCCCCCCC(=O)O	1S/C18H30O2/c1-2-3-4-5-6-7-8-9-10-11-12-13-14-15-16-17-18(19)20/h3-4,6-7,9-10H,2,5,8,11-17H2,1H3,(H,19,20)/b4-3-,7-6-,10-9-		3	Positive	MASSBANK	279.232	UPDATE-SINGLE-ANNOTATED-BRONZE	Bronze		C18H30O2	DTOSIQBPPRVQHS-PDBXOOCHSA-N	DTOSIQBPPRVQHS	Lipids and lipid-like molecules	Fatty Acyls	Lineolic acids and derivatives	Fatty Acids and Conjugates	Unsaturated fatty acids	Fatty acids	mzspec:GNPS:GNPS-LIBRARY:CCMSLIB00005738623
CCMSLIB00010141213	14071	spectra_filtered.mgf	GNPS_Drug_Library_Spectra_Drugs_and_Metabolites.mgf	0.885762	343000.0	0	0.840226	6	0.000305176	363.206	1	temp/spectra_filtered.mgf14071	1	Solifenacin	ESI	Orbitrap	Crude	Tomas Pluskal	Corinna Brungs	M+H	363.207	362.199	1			O=C(O[C@H]1CN2CCC1CC2)N1CCc2ccccc2[C@@H]1c1ccccc1	"""InChI=1S/C23H26N2O2/c26-23(27-21-16-24-13-10-18(21)11-14-24)25-15-12-17-6-4-5-9-20(17)22(25)19-7-2-1-3-8-19/h1-9,18,21-22H,10-16H2/t21-,22-/m0/s1"""	FBOUYBDGKBSUES-VXKWHMMOSA-N	3	Positive	MCE-DRUG	363.207	UPDATE-SINGLE-ANNOTATED-BRONZE	Bronze		C23H26N2O2	FBOUYBDGKBSUES-VXKWHMMOSA-N	FBOUYBDGKBSUES	Organoheterocyclic compounds	Tetrahydroisoquinolines	1-phenyltetrahydroisoquinolines			Alkaloids	mzspec:GNPS:GNPS-LIBRARY:CCMSLIB00010141213
CCMSLIB00010114338	1798	spectra_filtered.mgf	GNPS_Drug_Library_Spectra_Drugs_and_Metabolites.mgf	0.885702	511000.0	0	2.99132	9	0.000793457	265.252	1	temp/spectra_filtered.mgf1798	1	oleic acid CollisionEnergy:102040	LC-ESI	Orbitrap	Commercial	Trent Northen	JGI	M+H-H2O	265.253	0.0	1			CCCCCCCCC=CCCCCCCCC(=O)O	"""InChI=1S/C18H34O2/c1-2-3-4-5-6-7-8-9-10-11-12-13-14-15-16-17-18(19)20/h9-10H,2-8,11-17H2,1H3,(H,19,20)/b10-9-"""		3	Positive	BERKELEY-LAB	265.253	UPDATE-SINGLE-ANNOTATED-BRONZE	Bronze		C18H34O2	ZQPPMHVWECSIRJ-UHFFFAOYSA-N	ZQPPMHVWECSIRJ	Lipids and lipid-like molecules	Fatty Acyls	Fatty acids and conjugates	Fatty Acids and Conjugates	Unsaturated fatty acids	Fatty acids	mzspec:GNPS:GNPS-LIBRARY:CCMSLIB00010114338
CCMSLIB00013654619	9773	spectra_filtered.mgf	GNPS_Drug_Library_Spectra_Drug_Analogs_Updated.mgf	0.883966	60000.0	0	16.3939	4	0.00460815	281.085	1	temp/spectra_filtered.mgf9773	1	"""related spectra of 'Massbank:AU100806 Sulfamethazine|4-amino-N-(4,6-dimethylpyrimidin-2-yl)benzenesulfonamide (Delta Mass:2.004)'"""	LC-ESI	Orbitrap	Crude	Pieter Dorrestein	Nina Zhao	M+H	281.09	0.0	1						3	Positive	GNPS-DRUG-ANALOG	281.09	UPDATE-SINGLE-ANNOTATED-BRONZE	Bronze											mzspec:GNPS:GNPS-LIBRARY:CCMSLIB00013654619
CCMSLIB00000208379	12749	spectra_filtered.mgf	GNPS_Drug_Library_Spectra_Drugs_and_Metabolites.mgf	0.883397	130000.0	0	0.397479	3	0.00012207	307.111	1	temp/spectra_filtered.mgf12749	1	Massbank:EA032809 Fluconazole|2-(2,4-difluorophenyl)-1,3-bis(1,2,4-triazol-1-yl)-2-propanol	ESI	LC-ESI-ITFT	Isolated	Putative Massbank Match	Massbank	[M+H]+	307.111	0.0	1	86386-73-4		OC(CN1C=NC=N1)(CN2C=NC=N2)C3=C(F)C=C(F)C=C3	1S/C13H12F2N6O/c14-10-1-2-11(12(15)3-10)13(22,4-20-8-16-6-18-20)5-21-9-17-7-19-21/h1-3,6-9,22H,4-5H2		3	Positive	MASSBANK	307.111	UPDATE-SINGLE-ANNOTATED-BRONZE	Bronze		C13H12F2N6O	RFHAOTPXVQNOHP-UHFFFAOYSA-N	RFHAOTPXVQNOHP	Benzenoids	Benzene and substituted derivatives	Halobenzenes			Alkaloids	mzspec:GNPS:GNPS-LIBRARY:CCMSLIB00000208379
CCMSLIB00010146865	6867	spectra_filtered.mgf	GNPS_Drug_Library_Spectra_Drugs_and_Metabolites.mgf	0.883097	30400000.0	0	0.521971	6	7.62939e-05	146.165	1	temp/spectra_filtered.mgf6867	1	spermidine	ESI	Orbitrap	Crude	Tomas Pluskal	Corinna Brungs	M+H	146.165	145.158	1			NCCCCNCCCN	"""InChI=1S/C7H19N3/c8-4-1-2-6-10-7-3-5-9/h10H,1-9H2"""	ATHGHQPFGPMSJY-UHFFFAOYSA-N	3	Positive	MCE-DRUG	146.165	UPDATE-SINGLE-ANNOTATED-BRONZE	Bronze		C7H19N3	ATHGHQPFGPMSJY-UHFFFAOYSA-N	ATHGHQPFGPMSJY	Organic nitrogen compounds	Organonitrogen compounds	Amines	Ornithine alkaloids	Polyamines	Alkaloids	mzspec:GNPS:GNPS-LIBRARY:CCMSLIB00010146865
CCMSLIB00003138364	3728	spectra_filtered.mgf	GNPS_Drug_Library_Spectra_Drugs_and_Metabolites.mgf	0.882668	220000.0	0	4.26418	4	0.00050354	118.087	1	temp/spectra_filtered.mgf3728	1	Spectral Match to Betaine from NIST14	ESI	QqQ	Isolated	Data from Joshua Wollam	Data deposited by fevargas	M+H	118.086	0.0	1	107437					3	Positive	GNPS-NIST14-MATCHES	118.086	UPDATE-SINGLE-ANNOTATED-BRONZE	Bronze											mzspec:GNPS:GNPS-LIBRARY:CCMSLIB00003138364
CCMSLIB00010138299	1753	spectra_filtered.mgf	GNPS_Drug_Library_Spectra_Drugs_and_Metabolites.mgf	0.88176	1865000.0	0	0.470624	6	7.62939e-05	162.112	1	temp/spectra_filtered.mgf1753	1	CHEBI:39547	ESI	Orbitrap	Crude	Tomas Pluskal	Corinna Brungs	M+H	162.112	162.112	1			C[N+](C)(C)C[C@H](O)CC(=O)O	"""InChI=1S/C7H15NO3/c1-8(2,3)5-6(9)4-7(10)11/h6,9H,4-5H2,1-3H3/p+1/t6-/m1/s1"""	PHIQHXFUZVPYII-ZCFIWIBFSA-O	3	Positive	MCE-DRUG	162.112	UPDATE-SINGLE-ANNOTATED-BRONZE	Bronze			PHIQHXFUZVPYII-ZCFIWIBFSA-O	PHIQHXFUZVPYII	Organic nitrogen compounds	Organonitrogen compounds	Quaternary ammonium salts				mzspec:GNPS:GNPS-LIBRARY:CCMSLIB00010138299
CCMSLIB00010152594	122	spectra_filtered.mgf	GNPS_Drug_Library_Spectra_Drugs_and_Metabolites.mgf	0.881329	366000.0	0	0.655918	2	0.000183105	279.159	1	temp/spectra_filtered.mgf122	1	dibutyl phthalate	ESI	Orbitrap	Crude	Tomas Pluskal	Corinna Brungs	M+H	279.159	278.152	1			CCCCOC(=O)c1ccccc1C(=O)OCCCC	"""InChI=1S/C16H22O4/c1-3-5-11-19-15(17)13-9-7-8-10-14(13)16(18)20-12-6-4-2/h7-10H,3-6,11-12H2,1-2H3"""	DOIRQSBPFJWKBE-UHFFFAOYSA-N	3	Positive	MCE-DRUG	279.159	UPDATE-SINGLE-ANNOTATED-BRONZE	Bronze		C16H22O4	DOIRQSBPFJWKBE-UHFFFAOYSA-N	DOIRQSBPFJWKBE	Benzenoids	Benzene and substituted derivatives	Benzoic acids and derivatives	Phenolic acids (C6-C1)	Shikimic acids and derivatives|Simple phenolic acids	Shikimates and Phenylpropanoids	mzspec:GNPS:GNPS-LIBRARY:CCMSLIB00010152594
CCMSLIB00010145522	15087	spectra_filtered.mgf	GNPS_Drug_Library_Spectra_Drugs_and_Metabolites.mgf	0.879398	223000.0	0	0.561838	4	0.000213623	380.222	1	temp/spectra_filtered.mgf15087	1	donepezil	ESI	Orbitrap	Crude	Tomas Pluskal	Corinna Brungs	M+H	380.222	379.215	1			COc1c(OC)cc2C(=O)C(CC3CCN(Cc4ccccc4)CC3)Cc2c1	"""InChI=1S/C24H29NO3/c1-27-22-14-19-13-20(24(26)21(19)15-23(22)28-2)12-17-8-10-25(11-9-17)16-18-6-4-3-5-7-18/h3-7,14-15,17,20H,8-13,16H2,1-2H3"""	ADEBPBSSDYVVLD-UHFFFAOYSA-N	3	Positive	MCE-DRUG	380.222	UPDATE-SINGLE-ANNOTATED-BRONZE	Bronze		C24H29NO3	ADEBPBSSDYVVLD-UHFFFAOYSA-N	ADEBPBSSDYVVLD	Organoheterocyclic compounds	Piperidines	Benzylpiperidines	Tyrosine alkaloids	Isoquinoline alkaloids	Alkaloids	mzspec:GNPS:GNPS-LIBRARY:CCMSLIB00010145522
CCMSLIB00005738623	6217	spectra_filtered.mgf	GNPS_Drug_Library_Spectra_Drugs_and_Metabolites.mgf	0.878979	72000.0	0	1.09291	4	0.000305176	279.232	1	temp/spectra_filtered.mgf6217	1	Massbank:RP030402 ?-linolenic acid|linolenic acid|(9Z,12Z,15Z)-octadeca-9,12,15-trienoic acid	ESI	qTof	Isolated	Massbank	Massbank	M+H	279.232	0.0	1	463-40-1		CC/C=C\C/C=C\C/C=C\CCCCCCCC(=O)O	1S/C18H30O2/c1-2-3-4-5-6-7-8-9-10-11-12-13-14-15-16-17-18(19)20/h3-4,6-7,9-10H,2,5,8,11-17H2,1H3,(H,19,20)/b4-3-,7-6-,10-9-		3	Positive	MASSBANK	279.232	UPDATE-SINGLE-ANNOTATED-BRONZE	Bronze		C18H30O2	DTOSIQBPPRVQHS-PDBXOOCHSA-N	DTOSIQBPPRVQHS	Lipids and lipid-like molecules	Fatty Acyls	Lineolic acids and derivatives	Fatty Acids and Conjugates	Unsaturated fatty acids	Fatty acids	mzspec:GNPS:GNPS-LIBRARY:CCMSLIB00005738623
CCMSLIB00010102920	7307	spectra_filtered.mgf	GNPS_Drug_Library_Spectra_Drugs_and_Metabolites.mgf	0.878551	149000.0	0	1.26054	3	0.000305176	242.1	1	temp/spectra_filtered.mgf7307	1	D-pantothenic acid CollisionEnergy:102040	LC-ESI	Orbitrap	Commercial	Trent Northen	JGI	M+Na	242.1	0.0	1			CC(C)(CO)C(O)C(O)=NCCC(=O)O	"""InChI=1S/C9H17NO5/c1-9(2,5-11)7(14)8(15)10-4-3-6(12)13/h7,11,14H,3-5H2,1-2H3,(H,10,15)(H,12,13)"""		3	Positive	BERKELEY-LAB	242.1	UPDATE-SINGLE-ANNOTATED-BRONZE	Bronze		C9H17NO5	GHOKWGTUZJEAQD-UHFFFAOYSA-N	GHOKWGTUZJEAQD	Organic acids and derivatives	Carboxylic acids and derivatives	Amino acids, peptides, and analogues	Fatty Acids and Conjugates	Branched fatty acids	Fatty acids	mzspec:GNPS:GNPS-LIBRARY:CCMSLIB00010102920
CCMSLIB00005883652	6777	spectra_filtered.mgf	GNPS_Drug_Library_Spectra_Drugs_and_Metabolites.mgf	0.87704	105000.0	0	0.0	3	0.0	126.022	1	temp/spectra_filtered.mgf6777	1	TAURINE - 20.0 eV	ESI	Orbitrap	Isolated	Madeleine Ernst	Anna Abrahamsson	M+H	126.022	0.0	1	107-35-7		NCCS(O)(=O)=O	InChI=1S/C2H7NO3S/c3-1-2-7(4,5)6/h1-3H2,(H,4,5,6)		1	Positive	GNPS-LIBRARY	126.022	UPDATE-SINGLE-ANNOTATED-GOLD	Gold		C2H7NO3S	XOAAWQZATWQOTB-UHFFFAOYSA-N	XOAAWQZATWQOTB	Organic acids and derivatives	Organic sulfonic acids and derivatives	Organosulfonic acids and derivatives				mzspec:GNPS:GNPS-LIBRARY:CCMSLIB00005883652
CCMSLIB00005777229	13045	spectra_filtered.mgf	GNPS_Drug_Library_Spectra_Drugs_and_Metabolites.mgf	0.876399	97000.0	0	1.45223	2	0.000396729	273.185	1	temp/spectra_filtered.mgf13045	1	Massbank:AU281702 17-alpha-Estradiol|Alfatradiol|(8R,9S,13S,14S,17R)-13-methyl-6,7,8,9,11,12,14,15,16,17-decahydrocyclopenta[a]phenanthrene-3,17-diol	ESI	qTof	Isolated	Massbank	Massbank	M+H	273.185	0.0	1	57-91-0		C[C@]12CC[C@H]3[C@@H](CCC4=C3C=CC(O)=C4)[C@@H]1CC[C@H]2O	1S/C18H24O2/c1-18-9-8-14-13-5-3-12(19)10-11(13)2-4-15(14)16(18)6-7-17(18)20/h3,5,10,14-17,19-20H,2,4,6-9H2,1H3/t14-,15-,16+,17-,18+/m1/s1		3	Positive	MASSBANK	273.185	UPDATE-SINGLE-ANNOTATED-BRONZE	Bronze		C18H24O2	VOXZDWNPVJITMN-SFFUCWETSA-N	VOXZDWNPVJITMN	Lipids and lipid-like molecules	Steroids and steroid derivatives	Estrane steroids	Steroids	Estrane steroids	Terpenoids	mzspec:GNPS:GNPS-LIBRARY:CCMSLIB00005777229
CCMSLIB00006679433	6465	spectra_filtered.mgf	GNPS_Drug_Library_Spectra_Drugs_and_Metabolites.mgf	0.870994	22289000.0	0	1.70899	4	0.000198364	116.071	1	temp/spectra_filtered.mgf6465	1	PROLINE	ESI	Orbitrap	isolated	MoNA	MoNA:MoNA038476	M+H	116.071	0.0	1			C1C[C@@H](C(=O)O)NC1	"""InChI=1S/C5H9NO2/c7-5(8)4-2-1-3-6-4/h4,6H,1-3H2,(H,7,8)/t4-/m0/s1"""		3	positive	MONA	116.071	UPDATE-SINGLE-ANNOTATED-BRONZE	Bronze		C5H9NO2	ONIBWKKTOPOVIA-BYPYZUCNSA-N	ONIBWKKTOPOVIA	Organic acids and derivatives	Carboxylic acids and derivatives	Amino acids, peptides, and analogues	Small peptides	Aminoacids|Dipeptides	Amino acids and Peptides	mzspec:GNPS:GNPS-LIBRARY:CCMSLIB00006679433
CCMSLIB00005749721	11670	spectra_filtered.mgf	GNPS_Drug_Library_Spectra_Drugs_and_Metabolites.mgf	0.869384	105000.0	0	1.59655	3	0.000579834	363.179	1	temp/spectra_filtered.mgf11670	1	Massbank:PR304010 Secoisolariciresinol	ESI	qTof	Isolated	Massbank	Massbank	M+H	363.18	0.0	1			COC1=C(O)C=CC(C[C@@H](CO)[C@H](CO)CC2=CC(OC)=C(O)C=C2)=C1	1S/C20H26O6/c1-25-19-9-13(3-5-17(19)23)7-15(11-21)16(12-22)8-14-4-6-18(24)20(10-14)26-2/h3-6,9-10,15-16,21-24H,7-8,11-12H2,1-2H3/t15-,16-/m0/s1		3	Positive	MASSBANK	363.18	UPDATE-SINGLE-ANNOTATED-BRONZE	Bronze		C20H26O6	PUETUDUXMCLALY-HOTGVXAUSA-N	PUETUDUXMCLALY	Lignans, neolignans and related compounds	Dibenzylbutane lignans	Dibenzylbutanediol lignans	Lignans	Dibenzylbutane lignans	Shikimates and Phenylpropanoids	mzspec:GNPS:GNPS-LIBRARY:CCMSLIB00005749721
CCMSLIB00003134604	7788	spectra_filtered.mgf	GNPS_Drug_Library_Spectra_Drugs_and_Metabolites.mgf	0.868011	556000.0	0	6.51052	4	0.000801086	123.044	1	temp/spectra_filtered.mgf7788	1	Spectral Match to Benzoic acid from NIST14	ESI	QQQ	Isolated	Data from Rob Knight	Data deposited by aaksenov	M+H	123.045	122.037	1	65850		C1=CC=C(C=C1)C(=O)O	InChI=1S/C7H6O2/c8-7(9)6-4-2-1-3-5-6/h1-5H,(H,8,9)		3	Positive	GNPS-NIST14-MATCHES	123.045	UPDATE-SINGLE-ANNOTATED-BRONZE	Bronze		C7H6O2	WPYMKLBDIGXBTP-UHFFFAOYSA-N	WPYMKLBDIGXBTP	Benzenoids	Benzene and substituted derivatives	Benzoic acids and derivatives	Phenolic acids (C6-C1)	Simple phenolic acids	Shikimates and Phenylpropanoids	mzspec:GNPS:GNPS-LIBRARY:CCMSLIB00003134604
CCMSLIB00003139059	8632	spectra_filtered.mgf	GNPS_Drug_Library_Spectra_Drugs_and_Metabolites.mgf	0.867308	277000.0	0	7.82647	4	0.00531006	678.469	1	temp/spectra_filtered.mgf8632	1	Spectral Match to 1,2-Ditetradecanoyl-sn-glycero-3-phosphocholine from NIST14	ESI	HCD	Isolated	Data from James McKerrow	Data deposited by lamccall	M+H	678.474	0.0	1	18656387					3	Positive	GNPS-NIST14-MATCHES	678.474	UPDATE-SINGLE-ANNOTATED-BRONZE	Bronze											mzspec:GNPS:GNPS-LIBRARY:CCMSLIB00003139059
CCMSLIB00006121003	5848	spectra_filtered.mgf	GNPS_Drug_Library_Spectra_Drugs_and_Metabolites.mgf	0.867086	79000.0	0	4.26418	3	0.00050354	118.087	1	temp/spectra_filtered.mgf5848	1	Carboxy-N,N,N-trimethylmethanaminium - 40.0 eV	ESI	Orbitrap	Isolated	PI	Data Collector	M	118.086	0.0	1			C[N+](C)(C)CC(=O)O	InChI=1S/C5H11NO2/c1-6(2,3)4-5(7)8/h4H2,1-3H3/p+1		1	Positive	BIRMINGHAM-UHPLC-MS-POS	118.086	UPDATE-SINGLE-ANNOTATED-GOLD	Gold			KWIUHFFTVRNATP-UHFFFAOYSA-O	KWIUHFFTVRNATP	Organic acids and derivatives	Carboxylic acids and derivatives	Amino acids, peptides, and analogues				mzspec:GNPS:GNPS-LIBRARY:CCMSLIB00006121003
CCMSLIB00010132421	8686	spectra_filtered.mgf	GNPS_Drug_Library_Spectra_Drugs_and_Metabolites.mgf	0.865311	403000.0	0	0.297013	6	4.57764e-05	154.123	1	temp/spectra_filtered.mgf8686	1	gabapentin	ESI	Orbitrap	Crude	Tomas Pluskal	Corinna Brungs	M+H	154.123	171.126	1			NCC1(CC(=O)O)CCCCC1	"""InChI=1S/C9H17NO2/c10-7-9(6-8(11)12)4-2-1-3-5-9/h1-7,10H2,(H,11,12)"""	UGJMXCAKCUNAIE-UHFFFAOYSA-N	3	Positive	MCE-DRUG	154.123	UPDATE-SINGLE-ANNOTATED-BRONZE	Bronze		C9H17NO2	UGJMXCAKCUNAIE-UHFFFAOYSA-N	UGJMXCAKCUNAIE	Organic acids and derivatives	Carboxylic acids and derivatives	Amino acids, peptides, and analogues	Small peptides	Aminoacids	Amino acids and Peptides	mzspec:GNPS:GNPS-LIBRARY:CCMSLIB00010132421
CCMSLIB00010132125	13422	spectra_filtered.mgf	GNPS_Drug_Library_Spectra_Drugs_and_Metabolites.mgf	0.864821	599000.0	0	0.888001	12	0.000427246	481.132	1	temp/spectra_filtered.mgf13422	1	cefepime	ESI	Orbitrap	Crude	Tomas Pluskal	Corinna Brungs	M+H	481.132	480.125	1			CO/N=C(\C(=O)N[C@@H]1C(=O)N2C(C(=O)[O-])=C(C[N+]3(C)CCCC3)CS[C@H]12)c1csc(N)n1	"""InChI=1S/C19H24N6O5S2/c1-25(5-3-4-6-25)7-10-8-31-17-13(16(27)24(17)14(10)18(28)29)22-15(26)12(23-30-2)11-9-32-19(20)21-11/h9,13,17H,3-8H2,1-2H3,(H3-,20,21,22,26,28,29)/b23-12-/t13-,17-/m1/s1"""	HVFLCNVBZFFHBT-ZKDACBOMSA-N	3	Positive	MCE-DRUG	481.132	UPDATE-SINGLE-ANNOTATED-BRONZE	Bronze			HVFLCNVBZFFHBT-ZKDACBOMSA-N	HVFLCNVBZFFHBT	Organoheterocyclic compounds	Lactams	Beta lactams				mzspec:GNPS:GNPS-LIBRARY:CCMSLIB00010132125
CCMSLIB00005883792	1061	spectra_filtered.mgf	GNPS_Drug_Library_Spectra_Drugs_and_Metabolites.mgf	0.863998	181000.0	0	1.19435	3	0.000198364	166.086	1	temp/spectra_filtered.mgf1061	1	L-PHENYLALANINE - 40.0 eV	ESI	Orbitrap	Isolated	Madeleine Ernst	Anna Abrahamsson	M+H	166.086	0.0	1	63-91-2		N[C@@H](CC1=CC=CC=C1)C(O)=O	InChI=1S/C9H11NO2/c10-8(9(11)12)6-7-4-2-1-3-5-7/h1-5,8H,6,10H2,(H,11,12)/t8-/m0/s1		1	Positive	GNPS-LIBRARY	166.086	UPDATE-SINGLE-ANNOTATED-GOLD	Gold		C9H11NO2	COLNVLDHVKWLRT-QMMMGPOBSA-N	COLNVLDHVKWLRT	Organic acids and derivatives	Carboxylic acids and derivatives	Amino acids, peptides, and analogues	Small peptides	Aminoacids	Amino acids and Peptides|Shikimates and Phenylpropanoids	mzspec:GNPS:GNPS-LIBRARY:CCMSLIB00005883792
CCMSLIB00000209965	13997	spectra_filtered.mgf	GNPS_Drug_Library_Spectra_Drugs_and_Metabolites.mgf	0.860807	46000.0	0	1.67675	3	0.000488281	291.207	1	temp/spectra_filtered.mgf13997	1	Massbank:EA263701 D617|Verapamil metabolite D617|2-(3,4-dimethoxyphenyl)-2-isopropyl-5-(methylamino)valeronitrile	ESI	LC-ESI-ITFT	Isolated	Putative Massbank Match	Massbank	[M+H]+	291.207	0.0	1	34245-14-2		CC(C)C(CCCNC)(C#N)C1=CC(=C(C=C1)OC)OC	1S/C17H26N2O2/c1-13(2)17(12-18,9-6-10-19-3)14-7-8-15(20-4)16(11-14)21-5/h7-8,11,13,19H,6,9-10H2,1-5H3		3	Positive	MASSBANK	291.207	UPDATE-SINGLE-ANNOTATED-BRONZE	Bronze			WLOBUUJURNEQCL-UHFFFAOYSA-N	WLOBUUJURNEQCL	Benzenoids	Benzene and substituted derivatives	Phenylbutylamines				mzspec:GNPS:GNPS-LIBRARY:CCMSLIB00000209965
CCMSLIB00000566558	15683	spectra_filtered.mgf	GNPS_Drug_Library_Spectra_Drugs_and_Metabolites.mgf	0.860511	469000.0	0	4.0532	6	0.000900269	222.112	1	temp/spectra_filtered.mgf15683	1	MoNA:680338 Skelaxin (TN)	LC-ESI	qTof	Isolated	MoNA	MoNA	M+H	222.113	221.105	1			CC1=CC(=CC(=C1)OCC2CNC(=O)O2)C	InChI=1S/C12H15NO3/c1-8-3-9(2)5-10(4-8)15-7-11-6-13-12(14)16-11/h3-5,11H,6-7H2,1-2H3,(H,13,14)		3	Positive	MONA	222.113	UPDATE-SINGLE-ANNOTATED-BRONZE	Bronze		C12H15NO3	IMWZZHHPURKASS-UHFFFAOYSA-N	IMWZZHHPURKASS						Alkaloids	mzspec:GNPS:GNPS-LIBRARY:CCMSLIB00000566558
CCMSLIB00013643179	11861	spectra_filtered.mgf	GNPS_Drug_Library_Spectra_Drug_Analogs_Updated.mgf	0.859549	295000.0	0	4.35715	7	0.00115967	266.154	1	temp/spectra_filtered.mgf11861	1	related spectra of 'doxepin (Delta Mass:-14.02)'	LC-ESI	Orbitrap	Crude	Pieter Dorrestein	Nina Zhao	M+H	266.153	0.0	1						3	Positive	GNPS-DRUG-ANALOG	266.153	UPDATE-SINGLE-ANNOTATED-BRONZE	Bronze											mzspec:GNPS:GNPS-LIBRARY:CCMSLIB00013643179
CCMSLIB00006113856	10606	spectra_filtered.mgf	GNPS_Drug_Library_Spectra_Drugs_and_Metabolites.mgf	0.859287	263000.0	0	2.27959	2	0.000793457	348.069	1	temp/spectra_filtered.mgf10606	1	Adenosine monophosphate - 30.0 eV	ESI	Orbitrap	Isolated	PI	Data Collector	M+H	348.07	0.0	1			c1nc(c2c(n1)n(cn2)[C@H]3[C@@H]([C@@H]([C@H](O3)COP(=O)(O)O)O)O)N	InChI=1S/C10H14N5O7P/c11-8-5-9(13-2-12-8)15(3-14-5)10-7(17)6(16)4(22-10)1-21-23(18,19)20/h2-4,6-7,10,16-17H,1H2,(H2,11,12,13)(H2,18,19,20)/t4-,6-,7-,10-/m1/s1		1	Positive	BIRMINGHAM-UHPLC-MS-POS	348.07	UPDATE-SINGLE-ANNOTATED-GOLD	Gold		C10H14N5O7P	UDMBCSSLTHHNCD-KQYNXXCUSA-N	UDMBCSSLTHHNCD	Nucleosides, nucleotides, and analogues	Purine nucleotides	Purine ribonucleotides	Nucleosides	Purine nucleos(t)ides	Carbohydrates	mzspec:GNPS:GNPS-LIBRARY:CCMSLIB00006113856
CCMSLIB00005763496	71	spectra_filtered.mgf	GNPS_Drug_Library_Spectra_Drugs_and_Metabolites.mgf	0.858018	1572000.0	0	7.87294	3	0.00219727	279.093	1	temp/spectra_filtered.mgf71	1	Massbank:LU130902 Sulfamethazine|4-amino-N-(4,6-dimethylpyrimidin-2-yl)benzenesulfonamide	ESI	Hybrid FT	Isolated	Massbank	Massbank	M+H	279.091	0.0	1	57-68-1		CC1=CC(C)=NC(NS(=O)(=O)C2=CC=C(N)C=C2)=N1	1S/C12H14N4O2S/c1-8-7-9(2)15-12(14-8)16-19(17,18)11-5-3-10(13)4-6-11/h3-7H,13H2,1-2H3,(H,14,15,16)		3	Positive	MASSBANK	279.091	UPDATE-SINGLE-ANNOTATED-BRONZE	Bronze		C12H14N4O2S	ASWVTGNCAZCNNR-UHFFFAOYSA-N	ASWVTGNCAZCNNR	Benzenoids	Benzene and substituted derivatives	Benzenesulfonamides			Alkaloids	mzspec:GNPS:GNPS-LIBRARY:CCMSLIB00005763496
CCMSLIB00003137149	2021	spectra_filtered.mgf	GNPS_Drug_Library_Spectra_Drugs_and_Metabolites.mgf	0.856355	654000.0	0	5.21595	5	0.000595093	114.092	1	temp/spectra_filtered.mgf2021	1	Spectral Match to 6-Aminocaproic acid from NIST14	ESI	Q-TOF	Isolated	Data from Pieter Dorrestein	Data deposited by lfnothias	M+H-H2O	114.091	0.0	1	60322					3	Positive	GNPS-NIST14-MATCHES	114.091	UPDATE-SINGLE-ANNOTATED-BRONZE	Bronze											mzspec:GNPS:GNPS-LIBRARY:CCMSLIB00003137149
CCMSLIB00013647493	8125	spectra_filtered.mgf	GNPS_Drug_Library_Spectra_Drug_Analogs_Updated.mgf	0.854956	2796000.0	0	1.86391	3	0.000335693	180.102	1	temp/spectra_filtered.mgf8125	1	related spectra of 'bestatin  (Delta Mass:-129.08)'	LC-ESI	Orbitrap	Crude	Pieter Dorrestein	Nina Zhao	M+H	180.102	0.0	1						3	Positive	GNPS-DRUG-ANALOG	180.102	UPDATE-SINGLE-ANNOTATED-BRONZE	Bronze											mzspec:GNPS:GNPS-LIBRARY:CCMSLIB00013647493
CCMSLIB00005762042	14283	spectra_filtered.mgf	GNPS_Drug_Library_Spectra_Drugs_and_Metabolites.mgf	0.854887	332000.0	0	0.590252	5	0.000183105	310.216	1	temp/spectra_filtered.mgf14283	1	Massbank:LU051302 Methadone|6-(dimethylamino)-4,4-diphenylheptan-3-one	ESI	Hybrid FT	Isolated	Massbank	Massbank	M+H	310.216	0.0	1	76-99-3		CCC(=O)C(CC(C)N(C)C)(C1=CC=CC=C1)C1=CC=CC=C1	1S/C21H27NO/c1-5-20(23)21(16-17(2)22(3)4,18-12-8-6-9-13-18)19-14-10-7-11-15-19/h6-15,17H,5,16H2,1-4H3		3	Positive	MASSBANK	310.216	UPDATE-SINGLE-ANNOTATED-BRONZE	Bronze		C21H27NO	USSIQXCVUWKGNF-UHFFFAOYSA-N	USSIQXCVUWKGNF	Benzenoids	Benzene and substituted derivatives	Diphenylmethanes	Pseudoalkaloids	Phenylalanine-derived alkaloids	Alkaloids	mzspec:GNPS:GNPS-LIBRARY:CCMSLIB00005762042
CCMSLIB00006684930	15559	spectra_filtered.mgf	GNPS_Drug_Library_Spectra_Drugs_and_Metabolites.mgf	0.849135	51000.0	0	2.51772	3	0.000793457	315.148	1	temp/spectra_filtered.mgf15559	1	RANITIDINE	ESI	qTof	isolated	MoNA	MoNA:MoNA033345	M+H	315.149	0.0	1			CN/C(=C\N(=O)=O)/NCCSCC1=CC=C(CN(C)C)O1	"""InChI=1S/C13H22N4O3S/c1-14-13(9-17(18)19)15-6-7-21-10-12-5-4-11(20-12)8-16(2)3/h4-5,9,14-15H,6-8,10H2,1-3H3/b13-9+"""		3	positive	MONA	315.149	UPDATE-SINGLE-ANNOTATED-BRONZE	Bronze		C13H22N4O3S	VMXUWOKSQNHOCA-UKTHLTGXSA-N	VMXUWOKSQNHOCA	Organic nitrogen compounds	Organonitrogen compounds	Amines			Alkaloids	mzspec:GNPS:GNPS-LIBRARY:CCMSLIB00006684930
CCMSLIB00013655111	15525	spectra_filtered.mgf	GNPS_Drug_Library_Spectra_Drug_Analogs_Updated.mgf	0.84903	38000.0	0	0.331391	2	9.15527e-05	276.268	1	temp/spectra_filtered.mgf15525	1	related spectra of 'Spectral Match to Benzyldodecyldimethylammonium from NIST14 (Delta Mass:-28.031)'	LC-ESI	Orbitrap	Crude	Pieter Dorrestein	Nina Zhao	M	276.268	0.0	1						3	Positive	GNPS-DRUG-ANALOG	276.268	UPDATE-SINGLE-ANNOTATED-BRONZE	Bronze											mzspec:GNPS:GNPS-LIBRARY:CCMSLIB00013655111
CCMSLIB00013654622	10572	spectra_filtered.mgf	GNPS_Drug_Library_Spectra_Drug_Analogs_Updated.mgf	0.848033	75000.0	0	0.484248	4	0.000213623	441.144	1	temp/spectra_filtered.mgf10572	1	"""related spectra of 'Massbank:AU100806 Sulfamethazine|4-amino-N-(4,6-dimethylpyrimidin-2-yl)benzenesulfonamide (Delta Mass:162.053)'"""	LC-ESI	Orbitrap	Crude	Pieter Dorrestein	Nina Zhao	M+H	441.144	0.0	1						3	Positive	GNPS-DRUG-ANALOG	441.144	UPDATE-SINGLE-ANNOTATED-BRONZE	Bronze											mzspec:GNPS:GNPS-LIBRARY:CCMSLIB00013654622
CCMSLIB00005463950	3120	spectra_filtered.mgf	GNPS_Drug_Library_Spectra_Drugs_and_Metabolites.mgf	0.844052	57000.0	0	1.52514	2	0.000213623	140.068	1	temp/spectra_filtered.mgf3120	1	BETAINE	ESI	Orbitrap	Commercial	Dorrestein	Kelly Weldon	M+Na	140.068	117.079	1	107-43-7		C[N+](C)(C)CC([O-])=O	"""InChI=1S/C5H11NO2/c1-6(2,3)4-5(7)8/h4H2,1-3H3"""		1	Positive	GNPS-MSMLS	140.068	UPDATE-SINGLE-ANNOTATED-GOLD	Gold			KWIUHFFTVRNATP-UHFFFAOYSA-N	KWIUHFFTVRNATP							mzspec:GNPS:GNPS-LIBRARY:CCMSLIB00005463950
CCMSLIB00010110587	13920	spectra_filtered.mgf	GNPS_Drug_Library_Spectra_Drugs_and_Metabolites.mgf	0.843402	338000.0	0	1.32194	5	0.000198364	150.055	1	temp/spectra_filtered.mgf13920	1	pyridoxal CollisionEnergy:102040	LC-ESI	Orbitrap	Commercial	Trent Northen	JGI	M+H-H2O	150.055	0.0	1			Cc1ncc(CO)c(C=O)c1O	"""InChI=1S/C8H9NO3/c1-5-8(12)7(4-11)6(3-10)2-9-5/h2,4,10,12H,3H2,1H3"""		3	Positive	BERKELEY-LAB	150.055	UPDATE-SINGLE-ANNOTATED-BRONZE	Bronze		C8H9NO3	RADKZDMFGJYCBB-UHFFFAOYSA-N	RADKZDMFGJYCBB				Nicotinic acid alkaloids	Pyridine alkaloids	Alkaloids	mzspec:GNPS:GNPS-LIBRARY:CCMSLIB00010110587
CCMSLIB00006678341	15804	spectra_filtered.mgf	GNPS_Drug_Library_Spectra_Drugs_and_Metabolites.mgf	0.839066	166000.0	0	5.78939	3	0.000602722	104.107	1	temp/spectra_filtered.mgf15804	1	CHOLINE	ESI	Orbitrap	isolated	MoNA	MoNA:MoNA038602	M	104.108	0.0	1			C[N+](C)(C)CCO	"""InChI=1S/C5H14NO/c1-6(2,3)4-5-7/h7H,4-5H2,1-3H3/q+1"""		3	positive	MONA	104.108	UPDATE-SINGLE-ANNOTATED-BRONZE	Bronze			OEYIOHPDSNJKLS-UHFFFAOYSA-N	OEYIOHPDSNJKLS	Organic nitrogen compounds	Organonitrogen compounds	Quaternary ammonium salts				mzspec:GNPS:GNPS-LIBRARY:CCMSLIB00006678341
CCMSLIB00003137661	4228	spectra_filtered.mgf	GNPS_Drug_Library_Spectra_Drugs_and_Metabolites.mgf	0.834697	264000.0	0	4.26418	3	0.00050354	118.087	1	temp/spectra_filtered.mgf4228	1	Spectral Match to Betaine from NIST14	ESI	QqQ	Isolated	Data from Pieter Dorrestein	Data deposited by lfnothias	M+H	118.086	0.0	1	107437					3	Positive	GNPS-NIST14-MATCHES	118.086	UPDATE-SINGLE-ANNOTATED-BRONZE	Bronze											mzspec:GNPS:GNPS-LIBRARY:CCMSLIB00003137661
CCMSLIB00006678804	6714	spectra_filtered.mgf	GNPS_Drug_Library_Spectra_Drugs_and_Metabolites.mgf	0.83061	1894000.0	0	55.7656	2	0.0085907	154.059	1	temp/spectra_filtered.mgf6714	1	4-AMINOSALICYLIC ACID	ESI	Orbitrap	isolated	MoNA	MoNA:MoNA037634	M+H	154.05	0.0	1			C1=C(C=C(C(=C1)C(=O)O)O)N	"""InChI=1S/C7H7NO3/c8-4-1-2-5(7(10)11)6(9)3-4/h1-3,9H,8H2,(H,10,11)"""		3	positive	MONA	154.05	UPDATE-SINGLE-ANNOTATED-BRONZE	Bronze		C7H7NO3	WUBBRNOQWQTFEX-UHFFFAOYSA-N	WUBBRNOQWQTFEX	Benzenoids	Benzene and substituted derivatives	Benzoic acids and derivatives	Small peptides	Aminoacids	Amino acids and Peptides|Shikimates and Phenylpropanoids	mzspec:GNPS:GNPS-LIBRARY:CCMSLIB00006678804
CCMSLIB00010148019	6447	spectra_filtered.mgf	GNPS_Drug_Library_Spectra_Drugs_and_Metabolites.mgf	0.829973	1054000.0	0	0.304881	9	9.15527e-05	300.29	1	temp/spectra_filtered.mgf6447	1	sphingosine	ESI	Orbitrap	Crude	Tomas Pluskal	Corinna Brungs	M+H	300.29	299.282	0			CCCCCCCCCCCCC/C=C/[C@@H](O)[C@@H](N)CO	"""InChI=1S/C18H37NO2/c1-2-3-4-5-6-7-8-9-10-11-12-13-14-15-18(21)17(19)16-20/h14-15,17-18,20-21H,2-13,16,19H2,1H3/b15-14+/t17-,18+/m0/s1"""	WWUZIQQURGPMPG-KRWOKUGFSA-N	3	Positive	MCE-DRUG	300.29	UPDATE-SINGLE-ANNOTATED-BRONZE	Bronze		C18H37NO2	WWUZIQQURGPMPG-KRWOKUGFSA-N	WWUZIQQURGPMPG	Organic nitrogen compounds	Organonitrogen compounds	Amines	Sphingolipids	Sphingoid bases	Fatty acids	mzspec:GNPS:GNPS-LIBRARY:CCMSLIB00010148019
CCMSLIB00006672972	13290	spectra_filtered.mgf	GNPS_Drug_Library_Spectra_Drugs_and_Metabolites.mgf	0.828376	72000.0	0	3.67194	2	0.00050354	137.133	1	temp/spectra_filtered.mgf13290	1	1_8_cineole	ESI	Orbitrap	Commercial	Ulaszewska	Marynka Ulaszewska	M-H2O+H	137.132	154.136	1	470-82-8	2758.0	CC1(C2CCC(O1)(CC2)C)C	InChI=1S/C10H18O/c1-9(2)8-4-6-10(3,11-9)7-5-8/h8H,4-7H2,1-3H3		1	Positive	GNPS-NUTRI-METAB-FEM-POS	137.132	UPDATE-SINGLE-ANNOTATED-GOLD	Gold		C10H18O	WEEGYLXZBRQIMU-UHFFFAOYSA-N	WEEGYLXZBRQIMU				Monoterpenoids	Menthane monoterpenoids|Monocyclic monoterpenoids	Terpenoids	mzspec:GNPS:GNPS-LIBRARY:CCMSLIB00006672972
CCMSLIB00006675448	9657	spectra_filtered.mgf	GNPS_Drug_Library_Spectra_Drugs_and_Metabolites.mgf	0.824083	965000.0	0	0.522067	4	0.000213623	409.187	1	temp/spectra_filtered.mgf9657	1	tryptophan	ESI	Orbitrap	Commercial	Ulaszewska	Marynka Ulaszewska	2M+H	409.187	204.09	1	27813-82-7	6305.0	C1=CC=C2C(=C1)C(=CN2)CC(C(=O)O)N	InChI=1S/C11H12N2O2/c12-9(11(14)15)5-7-6-13-10-4-2-1-3-8(7)10/h1-4,6,9,13H,5,12H2,(H,14,15)/t9-/m0/s1		1	Positive	GNPS-NUTRI-METAB-FEM-POS	409.187	UPDATE-SINGLE-ANNOTATED-GOLD	Gold		C11H12N2O2	QIVBCDIJIAJPQS-UHFFFAOYSA-N	QIVBCDIJIAJPQS	Organoheterocyclic compounds	Indoles and derivatives	Indolyl carboxylic acids and derivatives	Small peptides	Aminoacids	Amino acids and Peptides|Shikimates and Phenylpropanoids	mzspec:GNPS:GNPS-LIBRARY:CCMSLIB00006675448
CCMSLIB00005724008	15526	spectra_filtered.mgf	GNPS_Drug_Library_Spectra_Drugs_and_Metabolites.mgf	0.822615	2316000.0	0	5.3753	17	0.0032959	613.159	1	temp/spectra_filtered.mgf15526	1	Oxidized Glutathione	LC-ESI	qTof	Lysate	Moreno-Ulloa, Aldo	Carballo-C., Rommel A.	M+H	613.156	612.152	1	27025-41-8	 	C(CC(=O)NC(CSSCC(C(=O)NCC(=O)O)NC(=O)CCC(C(=O)O)N)C(=O)NCC(=O)O)C(C(=O)O)N	1S/C20H32N6O12S2/c21-9(19(35)36)1-3-13(27)25-11(17(33)23-5-15(29)30)7-39-40-8-12(18(34)24-6-16(31)32)26-14(28)4-2-10(22)20(37)38/h9-12H,1-8,21-22H2,(H,23,33)(H,24,34)(H,25,27)(H,26,28)(H,29,30)(H,31,32)(H,35,36)(H,37,38)/t9-,10-,11-,12-/m0/s1	 	3	Positive	GNPS-LIBRARY	613.156	UPDATE-SINGLE-ANNOTATED-BRONZE	Bronze		C20H32N6O12S2	YPZRWBKMTBYPTK-UHFFFAOYSA-N	YPZRWBKMTBYPTK	Organic acids and derivatives	Carboxylic acids and derivatives	Amino acids, peptides, and analogues	Small peptides	Tripeptides	Amino acids and Peptides	mzspec:GNPS:GNPS-LIBRARY:CCMSLIB00005724008
CCMSLIB00013654775	12127	spectra_filtered.mgf	GNPS_Drug_Library_Spectra_Drug_Analogs_Updated.mgf	0.817609	89000.0	0	1.28744	3	0.000396729	308.152	1	temp/spectra_filtered.mgf12127	1	related spectra of 'Massbank:AU274106 Hydroxychloroquine|2-[4-[(7-chloroquinolin-4-yl)amino]pentyl-ethylamino]ethanol (Delta Mass:-28.031)'	LC-ESI	Orbitrap	Crude	Pieter Dorrestein	Nina Zhao	M+H	308.152	0.0	1						3	Positive	GNPS-DRUG-ANALOG	308.152	UPDATE-SINGLE-ANNOTATED-BRONZE	Bronze											mzspec:GNPS:GNPS-LIBRARY:CCMSLIB00013654775
CCMSLIB00013645245	6736	spectra_filtered.mgf	GNPS_Drug_Library_Spectra_Drug_Analogs_Updated.mgf	0.805308	3006000.0	0	2.2558	4	0.000640869	284.099	1	temp/spectra_filtered.mgf6736	1	related spectra of 'penciclovir  (Delta Mass:29.97)'	LC-ESI	Orbitrap	Crude	Pieter Dorrestein	Nina Zhao	M+H	284.098	0.0	1						3	Positive	GNPS-DRUG-ANALOG	284.098	UPDATE-SINGLE-ANNOTATED-BRONZE	Bronze											mzspec:GNPS:GNPS-LIBRARY:CCMSLIB00013645245
CCMSLIB00013642738	10997	spectra_filtered.mgf	GNPS_Drug_Library_Spectra_Drug_Analogs_Updated.mgf	0.805127	643000.0	0	2.38756	4	0.000793457	332.331	1	temp/spectra_filtered.mgf10997	1	related spectra of 'cetalkonium  (Delta Mass:-28.03)'	LC-ESI	Orbitrap	Crude	Pieter Dorrestein	Nina Zhao	M+H	332.33	0.0	1						3	Positive	GNPS-DRUG-ANALOG	332.33	UPDATE-SINGLE-ANNOTATED-BRONZE	Bronze											mzspec:GNPS:GNPS-LIBRARY:CCMSLIB00013642738
CCMSLIB00013642738	1651	spectra_filtered.mgf	GNPS_Drug_Library_Spectra_Drug_Analogs_Updated.mgf	0.797439	704000.0	0	2.93853	4	0.000976562	332.331	1	temp/spectra_filtered.mgf1651	1	related spectra of 'cetalkonium  (Delta Mass:-28.03)'	LC-ESI	Orbitrap	Crude	Pieter Dorrestein	Nina Zhao	M+H	332.33	0.0	1						3	Positive	GNPS-DRUG-ANALOG	332.33	UPDATE-SINGLE-ANNOTATED-BRONZE	Bronze											mzspec:GNPS:GNPS-LIBRARY:CCMSLIB00013642738
CCMSLIB00013647550	10878	spectra_filtered.mgf	GNPS_Drug_Library_Spectra_Drug_Analogs_Updated.mgf	0.795461	296000.0	0	0.550973	3	0.000183105	332.331	1	temp/spectra_filtered.mgf10878	1	related spectra of 'benzododecinium  (Delta Mass:28.03)'	LC-ESI	Orbitrap	Crude	Pieter Dorrestein	Nina Zhao	M+H	332.331	0.0	1						3	Positive	GNPS-DRUG-ANALOG	332.331	UPDATE-SINGLE-ANNOTATED-BRONZE	Bronze											mzspec:GNPS:GNPS-LIBRARY:CCMSLIB00013647550
CCMSLIB00003134604	7839	spectra_filtered.mgf	GNPS_Drug_Library_Spectra_Drugs_and_Metabolites.mgf	0.793912	484000.0	0	6.51052	4	0.000801086	123.044	1	temp/spectra_filtered.mgf7839	1	Spectral Match to Benzoic acid from NIST14	ESI	QQQ	Isolated	Data from Rob Knight	Data deposited by aaksenov	M+H	123.045	122.037	1	65850		C1=CC=C(C=C1)C(=O)O	InChI=1S/C7H6O2/c8-7(9)6-4-2-1-3-5-6/h1-5H,(H,8,9)		3	Positive	GNPS-NIST14-MATCHES	123.045	UPDATE-SINGLE-ANNOTATED-BRONZE	Bronze		C7H6O2	WPYMKLBDIGXBTP-UHFFFAOYSA-N	WPYMKLBDIGXBTP	Benzenoids	Benzene and substituted derivatives	Benzoic acids and derivatives	Phenolic acids (C6-C1)	Simple phenolic acids	Shikimates and Phenylpropanoids	mzspec:GNPS:GNPS-LIBRARY:CCMSLIB00003134604
CCMSLIB00010102043	7479	spectra_filtered.mgf	GNPS_Drug_Library_Spectra_Drugs_and_Metabolites.mgf	0.793907	53000.0	0	0.0	3	0.0	227.079	1	temp/spectra_filtered.mgf7479	1	tryptophan CollisionEnergy:102040	LC-ESI	Orbitrap	Commercial	Trent Northen	JGI	M+Na	227.079	204.09	1			C1=CC=C2C(=C1)C(=CN2)C[C@@H](C(=O)O)N	"""InChI=1S/C11H12N2O2/c12-9(11(14)15)5-7-6-13-10-4-2-1-3-8(7)10/h1-4,6,9,13H,5,12H2,(H,14,15)/t9-/m0/s1"""		3	Positive	BERKELEY-LAB	227.079	UPDATE-SINGLE-ANNOTATED-BRONZE	Bronze		C11H12N2O2	QIVBCDIJIAJPQS-VIFPVBQESA-N	QIVBCDIJIAJPQS	Organoheterocyclic compounds	Indoles and derivatives	Indolyl carboxylic acids and derivatives	Small peptides	Aminoacids	Amino acids and Peptides|Shikimates and Phenylpropanoids	mzspec:GNPS:GNPS-LIBRARY:CCMSLIB00010102043
CCMSLIB00005777285	2033	spectra_filtered.mgf	GNPS_Drug_Library_Spectra_Drugs_and_Metabolites.mgf	0.793828	675000.0	0	0.496359	3	0.000213623	430.38	1	temp/spectra_filtered.mgf2033	1	Massbank:MSJ00168 alpha-Tocopherol|Vitamin E	ESI	qTof	Isolated	Massbank	Massbank	M+H	430.38	0.0	1			CC1=C(C2=C(CC[C@@](O2)(C)CCC[C@H](C)CCC[C@H](C)CCCC(C)C)C(=C1O)C)C	1S/C29H50O2/c1-20(2)12-9-13-21(3)14-10-15-22(4)16-11-18-29(8)19-17-26-25(7)27(30)23(5)24(6)28(26)31-29/h20-22,30H,9-19H2,1-8H3/t21-,22-,29-/m1/s1		3	Positive	MASSBANK	430.38	UPDATE-SINGLE-ANNOTATED-BRONZE	Bronze		C29H50O2	GVJHHUAWPYXKBD-IEOSBIPESA-N	GVJHHUAWPYXKBD	Lipids and lipid-like molecules	Prenol lipids	Quinone and hydroquinone lipids	Meroterpenoids	Prenyl quinone meroterpenoids	Terpenoids	mzspec:GNPS:GNPS-LIBRARY:CCMSLIB00005777285
CCMSLIB00013642154	9631	spectra_filtered.mgf	GNPS_Drug_Library_Spectra_Drug_Analogs_Updated.mgf	0.791264	144000.0	0	5.29433	2	0.00140381	265.155	1	temp/spectra_filtered.mgf9631	1	related spectra of 'ubenimex (Delta Mass:-44.03)'	LC-ESI	Orbitrap	Crude	Pieter Dorrestein	Nina Zhao	M+H	265.153	0.0	1						3	Positive	GNPS-DRUG-ANALOG	265.153	UPDATE-SINGLE-ANNOTATED-BRONZE	Bronze											mzspec:GNPS:GNPS-LIBRARY:CCMSLIB00013642154
CCMSLIB00003134780	7296	spectra_filtered.mgf	GNPS_Drug_Library_Spectra_Drugs_and_Metabolites.mgf	0.790477	94000.0	0	0.92689	7	0.000305176	329.247	1	temp/spectra_filtered.mgf7296	1	Spectral Match to cis-4,7,10,13,16,19-Docosahexaenoic acid from NIST14	ESI	HCD	Isolated	Data from Gabriel Haddad	Data deposited by mjmeehan	M+H	329.247	0.0	1	6217545					3	Positive	GNPS-NIST14-MATCHES	329.247	UPDATE-SINGLE-ANNOTATED-BRONZE	Bronze											mzspec:GNPS:GNPS-LIBRARY:CCMSLIB00003134780
CCMSLIB00010128712	11182	spectra_filtered.mgf	GNPS_Drug_Library_Spectra_Drugs_and_Metabolites.mgf	0.789782	69000.0	0	2.62037	3	0.000595093	227.102	1	temp/spectra_filtered.mgf11182	1	Carbidopa	LC-ESI	Orbitrap	Crude	Pieter C. Dorrestein	Nina Zhao	M+H	227.103	226.095	1	28860-95-9	34359	O=C(O)[C@@](NN)(Cc1cc(O)c(O)cc1)C	InChI=1S/C10H14N2O4/c1-10(12-11,9(15)16)5-6-2-3-7(13)8(14)4-6/h2-4,12-14H,5,11H2,1H3,(H,15,16)/t10-/m0/s1	 	3	Positive	GNPS-LIBRARY	227.103	UPDATE-SINGLE-ANNOTATED-BRONZE	Bronze		C10H14N2O4	TZFNLOMSOLWIDK-JTQLQIEISA-N	TZFNLOMSOLWIDK				Tyrosine alkaloids	Phenylethylamines	Alkaloids	mzspec:GNPS:GNPS-LIBRARY:CCMSLIB00010128712
CCMSLIB00000006465	5957	spectra_filtered.mgf	GNPS_Drug_Library_Spectra_Drugs_and_Metabolites.mgf	0.788348	130000.0	0	0.620517	2	0.000106812	172.133	1	temp/spectra_filtered.mgf5957	1	GabapentinHCl	LC-ESI	qTof	Isolated	Sirenas	Ed Esquenazi 	M+H	172.133	207.103	1			C1CCC(CC1)(CC(=O)O)CN.Cl	InChI=1S/C9H17NO2.ClH/c10-7-9(6-8(11)12)4-2-1-3-5-9;/h1-7,10H2,(H,11,12);1H		3	Positive	GNPS-SELLECKCHEM-FDA-PART1	172.133	UPDATE-SINGLE-ANNOTATED-BRONZE	Bronze		C9H18ClNO2	XBUDZAQEMFGLEU-UHFFFAOYSA-N	XBUDZAQEMFGLEU	Organic acids and derivatives	Carboxylic acids and derivatives	Amino acids, peptides, and analogues	Small peptides	Aminoacids	Amino acids and Peptides	mzspec:GNPS:GNPS-LIBRARY:CCMSLIB00000006465
CCMSLIB00000006465	4741	spectra_filtered.mgf	GNPS_Drug_Library_Spectra_Drugs_and_Metabolites.mgf	0.786894	101000.0	0	0.620517	2	0.000106812	172.133	1	temp/spectra_filtered.mgf4741	1	GabapentinHCl	LC-ESI	qTof	Isolated	Sirenas	Ed Esquenazi 	M+H	172.133	207.103	1			C1CCC(CC1)(CC(=O)O)CN.Cl	InChI=1S/C9H17NO2.ClH/c10-7-9(6-8(11)12)4-2-1-3-5-9;/h1-7,10H2,(H,11,12);1H		3	Positive	GNPS-SELLECKCHEM-FDA-PART1	172.133	UPDATE-SINGLE-ANNOTATED-BRONZE	Bronze		C9H18ClNO2	XBUDZAQEMFGLEU-UHFFFAOYSA-N	XBUDZAQEMFGLEU	Organic acids and derivatives	Carboxylic acids and derivatives	Amino acids, peptides, and analogues	Small peptides	Aminoacids	Amino acids and Peptides	mzspec:GNPS:GNPS-LIBRARY:CCMSLIB00000006465
CCMSLIB00006124688	11400	spectra_filtered.mgf	GNPS_Drug_Library_Spectra_Drugs_and_Metabolites.mgf	0.784325	317000.0	0	1.09496	8	0.000671387	613.158	1	temp/spectra_filtered.mgf11400	1	Glutathione - 40.0 eV	ESI	Orbitrap	Isolated	PI	Data Collector	M+H	613.159	0.0	1			C(CC(=O)N[C@@H](CSSC[C@@H](C(=O)NCC(=O)O)NC(=O)CC[C@@H](C(=O)O)N)C(=O)NCC(=O)O)[C@@H](C(=O)O)N	InChI=1S/C20H32N6O12S2/c21-9(19(35)36)1-3-13(27)25-11(17(33)23-5-15(29)30)7-39-40-8-12(18(34)24-6-16(31)32)26-14(28)4-2-10(22)20(37)38/h9-12H,1-8,21-22H2,(H,23,33)(H,24,34)(H,25,27)(H,26,28)(H,29,30)(H,31,32)(H,35,36)(H,37,38)/t9-,10-,11-,12-/m0/s1		1	Positive	BIRMINGHAM-UHPLC-MS-POS	613.159	UPDATE-SINGLE-ANNOTATED-GOLD	Gold		C20H32N6O12S2	YPZRWBKMTBYPTK-BJDJZHNGSA-N	YPZRWBKMTBYPTK	Organic acids and derivatives	Carboxylic acids and derivatives	Amino acids, peptides, and analogues	Small peptides	Tripeptides	Amino acids and Peptides	mzspec:GNPS:GNPS-LIBRARY:CCMSLIB00006124688
CCMSLIB00006113856	7338	spectra_filtered.mgf	GNPS_Drug_Library_Spectra_Drugs_and_Metabolites.mgf	0.783613	665000.0	0	0.26303	2	9.15527e-05	348.07	1	temp/spectra_filtered.mgf7338	1	Adenosine monophosphate - 30.0 eV	ESI	Orbitrap	Isolated	PI	Data Collector	M+H	348.07	0.0	1			c1nc(c2c(n1)n(cn2)[C@H]3[C@@H]([C@@H]([C@H](O3)COP(=O)(O)O)O)O)N	InChI=1S/C10H14N5O7P/c11-8-5-9(13-2-12-8)15(3-14-5)10-7(17)6(16)4(22-10)1-21-23(18,19)20/h2-4,6-7,10,16-17H,1H2,(H2,11,12,13)(H2,18,19,20)/t4-,6-,7-,10-/m1/s1		1	Positive	BIRMINGHAM-UHPLC-MS-POS	348.07	UPDATE-SINGLE-ANNOTATED-GOLD	Gold		C10H14N5O7P	UDMBCSSLTHHNCD-KQYNXXCUSA-N	UDMBCSSLTHHNCD	Nucleosides, nucleotides, and analogues	Purine nucleotides	Purine ribonucleotides	Nucleosides	Purine nucleos(t)ides	Carbohydrates	mzspec:GNPS:GNPS-LIBRARY:CCMSLIB00006113856
CCMSLIB00010149160	7851	spectra_filtered.mgf	GNPS_Drug_Library_Spectra_Drugs_and_Metabolites.mgf	0.778225	432000.0	0	1.42304	5	0.000854492	600.467	1	temp/spectra_filtered.mgf7851	1	Polidocanol	ESI	Orbitrap	Crude	Tomas Pluskal	Corinna Brungs	M+H	600.468	582.434	1			CCCCCCCCCCCCOCCOCCOCCOCCOCCOCCOCCOCCOCCO	"""InChI=1S/C30H62O10/c1-2-3-4-5-6-7-8-9-10-11-13-32-15-17-34-19-21-36-23-25-38-27-29-40-30-28-39-26-24-37-22-20-35-18-16-33-14-12-31/h31H,2-30H2,1H3"""	ONJQDTZCDSESIW-UHFFFAOYSA-N	3	Positive	MCE-DRUG	600.468	UPDATE-SINGLE-ANNOTATED-BRONZE	Bronze		C30H62O10	ONJQDTZCDSESIW-UHFFFAOYSA-N	ONJQDTZCDSESIW	Organic oxygen compounds	Organooxygen compounds	Ethers	Glycerolipids	Triacylglycerols	Fatty acids	mzspec:GNPS:GNPS-LIBRARY:CCMSLIB00010149160
CCMSLIB00013643848	10514	spectra_filtered.mgf	GNPS_Drug_Library_Spectra_Drug_Analogs_Updated.mgf	0.77683	53000.0	0	0.975097	2	0.000167847	172.133	1	temp/spectra_filtered.mgf10514	1	related spectra of 'tranexamic acid (Delta Mass:14.02)'	LC-ESI	Orbitrap	Crude	Pieter Dorrestein	Nina Zhao	M+H	172.133	0.0	1						3	Positive	GNPS-DRUG-ANALOG	172.133	UPDATE-SINGLE-ANNOTATED-BRONZE	Bronze											mzspec:GNPS:GNPS-LIBRARY:CCMSLIB00013643848
CCMSLIB00000005814	11755	spectra_filtered.mgf	GNPS_Drug_Library_Spectra_Drugs_and_Metabolites.mgf	0.774474	1820000.0	0	2.52913	4	0.00050354	199.096	1	temp/spectra_filtered.mgf11755	1	Guaifensin	LC-ESI	qTof	Isolated	Sirenas	Ed Esquenazi 	M+H	199.096	198.089	1			COC1=CC=CC=C1OC[C@H](CO)O	InChI=1S/C10H14O4/c1-13-9-4-2-3-5-10(9)14-7-8(12)6-11/h2-5,8,11-12H,6-7H2,1H3/t8-/m0/s1		3	Positive	GNPS-SELLECKCHEM-FDA-PART1	199.096	UPDATE-SINGLE-ANNOTATED-BRONZE	Bronze		C10H14O4	HSRJKNPTNIJEKV-QMMMGPOBSA-N	HSRJKNPTNIJEKV	Benzenoids	Phenol ethers	Anisoles			Shikimates and Phenylpropanoids	mzspec:GNPS:GNPS-LIBRARY:CCMSLIB00000005814
CCMSLIB00000006335	14724	spectra_filtered.mgf	GNPS_Drug_Library_Spectra_Drugs_and_Metabolites.mgf	0.773482	498000.0	0	0.0	3	0.0	172.133	1	temp/spectra_filtered.mgf14724	1	Altretamine	LC-ESI	qTof	Isolated	Sirenas	Ed Esquenazi 	M+H	172.133	210.159	1			CN(C)C1=NC(=NC(=N1)N(C)C)N(C)C	InChI=1S/C9H18N6/c1-13(2)7-10-8(14(3)4)12-9(11-7)15(5)6/h1-6H3		3	Positive	GNPS-SELLECKCHEM-FDA-PART1	172.133	UPDATE-SINGLE-ANNOTATED-BRONZE	Bronze		C9H18N6	UUVWYPNAQBNQJQ-UHFFFAOYSA-N	UUVWYPNAQBNQJQ	Organic nitrogen compounds	Organonitrogen compounds	Amines			Alkaloids	mzspec:GNPS:GNPS-LIBRARY:CCMSLIB00000006335
CCMSLIB00010149161	166	spectra_filtered.mgf	GNPS_Drug_Library_Spectra_Drugs_and_Metabolites.mgf	0.770188	5544000.0	0	0.406584	12	0.000244141	600.468	1	temp/spectra_filtered.mgf166	1	Polidocanol	ESI	Orbitrap	Crude	Tomas Pluskal	Corinna Brungs	M+H	600.468	582.434	1			CCCCCCCCCCCCOCCOCCOCCOCCOCCOCCOCCOCCOCCO	"""InChI=1S/C30H62O10/c1-2-3-4-5-6-7-8-9-10-11-13-32-15-17-34-19-21-36-23-25-38-27-29-40-30-28-39-26-24-37-22-20-35-18-16-33-14-12-31/h31H,2-30H2,1H3"""	ONJQDTZCDSESIW-UHFFFAOYSA-N	3	Positive	MCE-DRUG	600.468	UPDATE-SINGLE-ANNOTATED-BRONZE	Bronze		C30H62O10	ONJQDTZCDSESIW-UHFFFAOYSA-N	ONJQDTZCDSESIW	Organic oxygen compounds	Organooxygen compounds	Ethers	Glycerolipids	Triacylglycerols	Fatty acids	mzspec:GNPS:GNPS-LIBRARY:CCMSLIB00010149161
CCMSLIB00003139097	8829	spectra_filtered.mgf	GNPS_Drug_Library_Spectra_Drugs_and_Metabolites.mgf	0.769825	259000.0	0	0.297962	4	9.15527e-05	307.263	1	temp/spectra_filtered.mgf8829	1	Spectral Match to cis-8,11,14-Eicosatrienoic acid from NIST14	ESI	qTof	Isolated	Data from Jessica Metcalf	Data deposited by mjmeehan	M+H	307.263	306.256	1	1783842		CCCCC/C=C\C/C=C\C/C=C\CCCCCCC(=O)O	InChI=1S/C20H34O2/c1-2-3-4-5-6-7-8-9-10-11-12-13-14-15-16-17-18-19-20(21)22/h6-7,9-10,12-13H,2-5,8,11,14-19H2,1H3,(H,21,22)/b7-6-,10-9-,13-12-		3	Positive	GNPS-NIST14-MATCHES	307.263	UPDATE-SINGLE-ANNOTATED-BRONZE	Bronze		C20H34O2	HOBAELRKJCKHQD-QNEBEIHSSA-N	HOBAELRKJCKHQD	Lipids and lipid-like molecules	Fatty Acyls	Fatty acids and conjugates	Fatty Acids and Conjugates	Unsaturated fatty acids	Fatty acids	mzspec:GNPS:GNPS-LIBRARY:CCMSLIB00003139097
CCMSLIB00013642323	7131	spectra_filtered.mgf	GNPS_Drug_Library_Spectra_Drug_Analogs_Updated.mgf	0.769449	77000.0	0	34.5658	5	0.00958252	277.216	1	temp/spectra_filtered.mgf7131	1	related spectra of 'oxandrolone (Delta Mass:-27.99)'	LC-ESI	Orbitrap	Crude	Pieter Dorrestein	Nina Zhao	M+H	277.226	0.0	1						3	Positive	GNPS-DRUG-ANALOG	277.226	UPDATE-SINGLE-ANNOTATED-BRONZE	Bronze											mzspec:GNPS:GNPS-LIBRARY:CCMSLIB00013642323
CCMSLIB00000006335	8695	spectra_filtered.mgf	GNPS_Drug_Library_Spectra_Drugs_and_Metabolites.mgf	0.769339	324000.0	0	0.620517	3	0.000106812	172.133	1	temp/spectra_filtered.mgf8695	1	Altretamine	LC-ESI	qTof	Isolated	Sirenas	Ed Esquenazi 	M+H	172.133	210.159	1			CN(C)C1=NC(=NC(=N1)N(C)C)N(C)C	InChI=1S/C9H18N6/c1-13(2)7-10-8(14(3)4)12-9(11-7)15(5)6/h1-6H3		3	Positive	GNPS-SELLECKCHEM-FDA-PART1	172.133	UPDATE-SINGLE-ANNOTATED-BRONZE	Bronze		C9H18N6	UUVWYPNAQBNQJQ-UHFFFAOYSA-N	UUVWYPNAQBNQJQ	Organic nitrogen compounds	Organonitrogen compounds	Amines			Alkaloids	mzspec:GNPS:GNPS-LIBRARY:CCMSLIB00000006335
CCMSLIB00013655165	14942	spectra_filtered.mgf	GNPS_Drug_Library_Spectra_Drug_Analogs_Updated.mgf	0.766505	194000.0	0	2.06116	4	0.000610352	296.122	1	temp/spectra_filtered.mgf14942	1	related spectra of 'Spectral Match to Quetiapine from METLIN (Delta Mass:-88.053)'	LC-ESI	Orbitrap	Crude	Pieter Dorrestein	Nina Zhao	M+H	296.121	0.0	1						3	Positive	GNPS-DRUG-ANALOG	296.121	UPDATE-SINGLE-ANNOTATED-BRONZE	Bronze											mzspec:GNPS:GNPS-LIBRARY:CCMSLIB00013655165
CCMSLIB00010145197	6821	spectra_filtered.mgf	GNPS_Drug_Library_Spectra_Drugs_and_Metabolites.mgf	0.76588	5718000.0	0	0.349191	5	0.000183105	524.371	1	temp/spectra_filtered.mgf6821	1	Platelet activating factor	ESI	Orbitrap	Crude	Tomas Pluskal	Corinna Brungs	M+H	524.371	523.364	1			CCCCCCCCCCCCCCCCOC[C@H](COP(=O)([O-])OCC[N+](C)(C)C)OC(C)=O	"""InChI=1S/C26H54NO7P/c1-6-7-8-9-10-11-12-13-14-15-16-17-18-19-21-31-23-26(34-25(2)28)24-33-35(29,30)32-22-20-27(3,4)5/h26H,6-24H2,1-5H3/t26-/m1/s1"""	HVAUUPRFYPCOCA-AREMUKBSSA-N	3	Positive	MCE-DRUG	524.371	UPDATE-SINGLE-ANNOTATED-BRONZE	Bronze			HVAUUPRFYPCOCA-AREMUKBSSA-N	HVAUUPRFYPCOCA	Lipids and lipid-like molecules	Glycerophospholipids	Glycerophosphocholines				mzspec:GNPS:GNPS-LIBRARY:CCMSLIB00010145197
CCMSLIB00000006465	834	spectra_filtered.mgf	GNPS_Drug_Library_Spectra_Drugs_and_Metabolites.mgf	0.765032	146000.0	0	0.620517	2	0.000106812	172.133	1	temp/spectra_filtered.mgf834	1	GabapentinHCl	LC-ESI	qTof	Isolated	Sirenas	Ed Esquenazi 	M+H	172.133	207.103	1			C1CCC(CC1)(CC(=O)O)CN.Cl	InChI=1S/C9H17NO2.ClH/c10-7-9(6-8(11)12)4-2-1-3-5-9;/h1-7,10H2,(H,11,12);1H		3	Positive	GNPS-SELLECKCHEM-FDA-PART1	172.133	UPDATE-SINGLE-ANNOTATED-BRONZE	Bronze		C9H18ClNO2	XBUDZAQEMFGLEU-UHFFFAOYSA-N	XBUDZAQEMFGLEU	Organic acids and derivatives	Carboxylic acids and derivatives	Amino acids, peptides, and analogues	Small peptides	Aminoacids	Amino acids and Peptides	mzspec:GNPS:GNPS-LIBRARY:CCMSLIB00000006465
CCMSLIB00013647304	419	spectra_filtered.mgf	GNPS_Drug_Library_Spectra_Drug_Analogs_Updated.mgf	0.764618	230000.0	0	1.4324	8	0.000427246	298.274	1	temp/spectra_filtered.mgf419	1	related spectra of 'dicyclomine  (Delta Mass:-12.00)'	LC-ESI	Orbitrap	Crude	Pieter Dorrestein	Nina Zhao	M+H	298.274	0.0	1						3	Positive	GNPS-DRUG-ANALOG	298.274	UPDATE-SINGLE-ANNOTATED-BRONZE	Bronze											mzspec:GNPS:GNPS-LIBRARY:CCMSLIB00013647304
CCMSLIB00013649385	9515	spectra_filtered.mgf	GNPS_Drug_Library_Spectra_Drug_Analogs_Updated.mgf	0.764224	3811000.0	0	2.51425	3	0.000701904	279.17	1	temp/spectra_filtered.mgf9515	1	related spectra of 'bestatin  (Delta Mass:-30.01)'	LC-ESI	Orbitrap	Crude	Pieter Dorrestein	Nina Zhao	M+H	279.171	0.0	1						3	Positive	GNPS-DRUG-ANALOG	279.171	UPDATE-SINGLE-ANNOTATED-BRONZE	Bronze											mzspec:GNPS:GNPS-LIBRARY:CCMSLIB00013649385
CCMSLIB00000006465	15969	spectra_filtered.mgf	GNPS_Drug_Library_Spectra_Drugs_and_Metabolites.mgf	0.762413	196000.0	0	0.531872	2	9.15527e-05	172.133	1	temp/spectra_filtered.mgf15969	1	GabapentinHCl	LC-ESI	qTof	Isolated	Sirenas	Ed Esquenazi 	M+H	172.133	207.103	1			C1CCC(CC1)(CC(=O)O)CN.Cl	InChI=1S/C9H17NO2.ClH/c10-7-9(6-8(11)12)4-2-1-3-5-9;/h1-7,10H2,(H,11,12);1H		3	Positive	GNPS-SELLECKCHEM-FDA-PART1	172.133	UPDATE-SINGLE-ANNOTATED-BRONZE	Bronze		C9H18ClNO2	XBUDZAQEMFGLEU-UHFFFAOYSA-N	XBUDZAQEMFGLEU	Organic acids and derivatives	Carboxylic acids and derivatives	Amino acids, peptides, and analogues	Small peptides	Aminoacids	Amino acids and Peptides	mzspec:GNPS:GNPS-LIBRARY:CCMSLIB00000006465
CCMSLIB00013650445	15214	spectra_filtered.mgf	GNPS_Drug_Library_Spectra_Drug_Analogs_Updated.mgf	0.757838	92000.0	0	1.0245	3	0.000549316	536.181	1	temp/spectra_filtered.mgf15214	1	related spectra of 'piperacillin  (Delta Mass:18.01)'	LC-ESI	Orbitrap	Crude	Pieter Dorrestein	Nina Zhao	M+H	536.181	0.0	1						3	Positive	GNPS-DRUG-ANALOG	536.181	UPDATE-SINGLE-ANNOTATED-BRONZE	Bronze											mzspec:GNPS:GNPS-LIBRARY:CCMSLIB00013650445
CCMSLIB00006113628	1054	spectra_filtered.mgf	GNPS_Drug_Library_Spectra_Drugs_and_Metabolites.mgf	0.757453	412000.0	0	1.50188	2	0.000198364	132.077	1	temp/spectra_filtered.mgf1054	1	Creatine - 30.0 eV	ESI	Orbitrap	Isolated	PI	Data Collector	M+H	132.077	0.0	1			CN(CC(=O)O)C(=N)N	InChI=1S/C4H9N3O2/c1-7(4(5)6)2-3(8)9/h2H2,1H3,(H3,5,6)(H,8,9)		1	Positive	BIRMINGHAM-UHPLC-MS-POS	132.077	UPDATE-SINGLE-ANNOTATED-GOLD	Gold		C4H9N3O2	CVSVTCORWBXHQV-UHFFFAOYSA-N	CVSVTCORWBXHQV	Organic acids and derivatives	Carboxylic acids and derivatives	Amino acids, peptides, and analogues	Small peptides	Aminoacids	Amino acids and Peptides	mzspec:GNPS:GNPS-LIBRARY:CCMSLIB00006113628
CCMSLIB00010131377	14940	spectra_filtered.mgf	GNPS_Drug_Library_Spectra_Drugs_and_Metabolites.mgf	0.757409	92000.0	0	0.601753	2	9.15527e-05	152.143	1	temp/spectra_filtered.mgf14940	1	amantadine	ESI	Orbitrap	Crude	Tomas Pluskal	Corinna Brungs	M+H	152.143	151.136	1			NC12C[C@H]3C[C@@H](C1)C[C@@H](C2)C3	"""InChI=1S/C10H17N/c11-10-4-7-1-8(5-10)3-9(2-7)6-10/h7-9H,1-6,11H2/t7-,8+,9-,10?"""	DKNWSYNQZKUICI-URIMCQPQSA-N	3	Positive	MCE-DRUG	152.143	UPDATE-SINGLE-ANNOTATED-BRONZE	Bronze		C10H17N	DKNWSYNQZKUICI-URIMCQPQSA-N	DKNWSYNQZKUICI							mzspec:GNPS:GNPS-LIBRARY:CCMSLIB00010131377
CCMSLIB00000006335	11571	spectra_filtered.mgf	GNPS_Drug_Library_Spectra_Drugs_and_Metabolites.mgf	0.755851	555000.0	0	0.620517	3	0.000106812	172.133	1	temp/spectra_filtered.mgf11571	1	Altretamine	LC-ESI	qTof	Isolated	Sirenas	Ed Esquenazi 	M+H	172.133	210.159	1			CN(C)C1=NC(=NC(=N1)N(C)C)N(C)C	InChI=1S/C9H18N6/c1-13(2)7-10-8(14(3)4)12-9(11-7)15(5)6/h1-6H3		3	Positive	GNPS-SELLECKCHEM-FDA-PART1	172.133	UPDATE-SINGLE-ANNOTATED-BRONZE	Bronze		C9H18N6	UUVWYPNAQBNQJQ-UHFFFAOYSA-N	UUVWYPNAQBNQJQ	Organic nitrogen compounds	Organonitrogen compounds	Amines			Alkaloids	mzspec:GNPS:GNPS-LIBRARY:CCMSLIB00000006335
CCMSLIB00000006335	6640	spectra_filtered.mgf	GNPS_Drug_Library_Spectra_Drugs_and_Metabolites.mgf	0.753267	427000.0	0	0.620517	3	0.000106812	172.133	1	temp/spectra_filtered.mgf6640	1	Altretamine	LC-ESI	qTof	Isolated	Sirenas	Ed Esquenazi 	M+H	172.133	210.159	1			CN(C)C1=NC(=NC(=N1)N(C)C)N(C)C	InChI=1S/C9H18N6/c1-13(2)7-10-8(14(3)4)12-9(11-7)15(5)6/h1-6H3		3	Positive	GNPS-SELLECKCHEM-FDA-PART1	172.133	UPDATE-SINGLE-ANNOTATED-BRONZE	Bronze		C9H18N6	UUVWYPNAQBNQJQ-UHFFFAOYSA-N	UUVWYPNAQBNQJQ	Organic nitrogen compounds	Organonitrogen compounds	Amines			Alkaloids	mzspec:GNPS:GNPS-LIBRARY:CCMSLIB00000006335
CCMSLIB00003136094	13955	spectra_filtered.mgf	GNPS_Drug_Library_Spectra_Drugs_and_Metabolites.mgf	0.753025	56000.0	0	2.28572	2	306.076	307.083	2	temp/spectra_filtered.mgf13955	1	Spectral Match to Glutathione, oxidized from NIST14	ESI	Q-TOF	Isolated	Data from Gabriel Haddad	Data deposited by mjmeehan	M+2H]	307.082	0.0	1	27025418					3	Positive	GNPS-NIST14-MATCHES	307.082	UPDATE-SINGLE-ANNOTATED-BRONZE	Bronze											mzspec:GNPS:GNPS-LIBRARY:CCMSLIB00003136094
CCMSLIB00003136094	11904	spectra_filtered.mgf	GNPS_Drug_Library_Spectra_Drugs_and_Metabolites.mgf	0.752912	49000.0	0	2.882	2	306.077	307.083	2	temp/spectra_filtered.mgf11904	1	Spectral Match to Glutathione, oxidized from NIST14	ESI	Q-TOF	Isolated	Data from Gabriel Haddad	Data deposited by mjmeehan	M+2H]	307.082	0.0	1	27025418					3	Positive	GNPS-NIST14-MATCHES	307.082	UPDATE-SINGLE-ANNOTATED-BRONZE	Bronze											mzspec:GNPS:GNPS-LIBRARY:CCMSLIB00003136094
CCMSLIB00003136094	9047	spectra_filtered.mgf	GNPS_Drug_Library_Spectra_Drugs_and_Metabolites.mgf	0.752565	27000.0	0	3.57765	2	306.077	307.083	2	temp/spectra_filtered.mgf9047	1	Spectral Match to Glutathione, oxidized from NIST14	ESI	Q-TOF	Isolated	Data from Gabriel Haddad	Data deposited by mjmeehan	M+2H]	307.082	0.0	1	27025418					3	Positive	GNPS-NIST14-MATCHES	307.082	UPDATE-SINGLE-ANNOTATED-BRONZE	Bronze											mzspec:GNPS:GNPS-LIBRARY:CCMSLIB00003136094
CCMSLIB00003136094	11913	spectra_filtered.mgf	GNPS_Drug_Library_Spectra_Drugs_and_Metabolites.mgf	0.752522	29000.0	0	3.27952	2	306.077	307.083	2	temp/spectra_filtered.mgf11913	1	Spectral Match to Glutathione, oxidized from NIST14	ESI	Q-TOF	Isolated	Data from Gabriel Haddad	Data deposited by mjmeehan	M+2H]	307.082	0.0	1	27025418					3	Positive	GNPS-NIST14-MATCHES	307.082	UPDATE-SINGLE-ANNOTATED-BRONZE	Bronze											mzspec:GNPS:GNPS-LIBRARY:CCMSLIB00003136094
CCMSLIB00003136094	9736	spectra_filtered.mgf	GNPS_Drug_Library_Spectra_Drugs_and_Metabolites.mgf	0.75234	41000.0	0	3.87579	2	306.077	307.083	2	temp/spectra_filtered.mgf9736	1	Spectral Match to Glutathione, oxidized from NIST14	ESI	Q-TOF	Isolated	Data from Gabriel Haddad	Data deposited by mjmeehan	M+2H]	307.082	0.0	1	27025418					3	Positive	GNPS-NIST14-MATCHES	307.082	UPDATE-SINGLE-ANNOTATED-BRONZE	Bronze											mzspec:GNPS:GNPS-LIBRARY:CCMSLIB00003136094
CCMSLIB00003136094	9015	spectra_filtered.mgf	GNPS_Drug_Library_Spectra_Drugs_and_Metabolites.mgf	0.751822	22000.0	0	3.57765	2	306.077	307.083	2	temp/spectra_filtered.mgf9015	1	Spectral Match to Glutathione, oxidized from NIST14	ESI	Q-TOF	Isolated	Data from Gabriel Haddad	Data deposited by mjmeehan	M+2H]	307.082	0.0	1	27025418					3	Positive	GNPS-NIST14-MATCHES	307.082	UPDATE-SINGLE-ANNOTATED-BRONZE	Bronze											mzspec:GNPS:GNPS-LIBRARY:CCMSLIB00003136094
CCMSLIB00005738162	11731	spectra_filtered.mgf	GNPS_Drug_Library_Spectra_Drugs_and_Metabolites.mgf	0.750133	326000.0	0	0.0	2	0.0	139.039	1	temp/spectra_filtered.mgf11731	1	Massbank:RP017001 Salicylic acid	ESI	qTof	Isolated	Massbank	Massbank	M+H	139.039	0.0	1	63-36-5		c1ccc(c(c1)C(=O)O)O	1S/C7H6O3/c8-6-4-2-1-3-5(6)7(9)10/h1-4,8H,(H,9,10)		3	Positive	MASSBANK	139.039	UPDATE-SINGLE-ANNOTATED-BRONZE	Bronze		C7H6O3	YGSDEFSMJLZEOE-UHFFFAOYSA-N	YGSDEFSMJLZEOE	Benzenoids	Benzene and substituted derivatives	Benzoic acids and derivatives	Phenolic acids (C6-C1)	Simple phenolic acids	Shikimates and Phenylpropanoids	mzspec:GNPS:GNPS-LIBRARY:CCMSLIB00005738162
CCMSLIB00003136094	9006	spectra_filtered.mgf	GNPS_Drug_Library_Spectra_Drugs_and_Metabolites.mgf	0.750109	34000.0	0	3.27952	2	306.077	307.083	2	temp/spectra_filtered.mgf9006	1	Spectral Match to Glutathione, oxidized from NIST14	ESI	Q-TOF	Isolated	Data from Gabriel Haddad	Data deposited by mjmeehan	M+2H]	307.082	0.0	1	27025418					3	Positive	GNPS-NIST14-MATCHES	307.082	UPDATE-SINGLE-ANNOTATED-BRONZE	Bronze											mzspec:GNPS:GNPS-LIBRARY:CCMSLIB00003136094
CCMSLIB00003740031	1060	spectra_filtered.mgf	GNPS_Drug_Library_Spectra_Drugs_and_Metabolites.mgf	0.748654	628000.0	0	0.0	3	0.0	132.102	1	temp/spectra_filtered.mgf1060	1	Isoleucine	LC-ESI	Orbitrap	Commercial	Tie-Jun Ling	Jing-Jing Wang	M+H	132.102	0.0	1	 	 	CCC(C)C(C(=O)O)N	InChI=1S/C6H13NO2/c1-3-4(2)5(7)6(8)9/h4-5H,3,7H2,1-2H3,(H,8,9)	 	3	Positive	GNPS-LIBRARY	132.102	UPDATE-SINGLE-ANNOTATED-BRONZE	Bronze		C6H13NO2	AGPKZVBTJJNPAG-UHFFFAOYSA-N	AGPKZVBTJJNPAG	Organic acids and derivatives	Carboxylic acids and derivatives	Amino acids, peptides, and analogues	Small peptides	Aminoacids	Amino acids and Peptides	mzspec:GNPS:GNPS-LIBRARY:CCMSLIB00003740031
CCMSLIB00013651299	34	spectra_filtered.mgf	GNPS_Drug_Library_Spectra_Drug_Analogs_Updated.mgf	0.744954	4981000.0	0	1.7239	4	0.000793457	460.269	1	temp/spectra_filtered.mgf34	1	related spectra of 'latanoprost  (Delta Mass:44.99)'	LC-ESI	Orbitrap	Crude	Pieter Dorrestein	Nina Zhao	M+H	460.27	0.0	1						3	Positive	GNPS-DRUG-ANALOG	460.27	UPDATE-SINGLE-ANNOTATED-BRONZE	Bronze											mzspec:GNPS:GNPS-LIBRARY:CCMSLIB00013651299
CCMSLIB00005738623	1659	spectra_filtered.mgf	GNPS_Drug_Library_Spectra_Drugs_and_Metabolites.mgf	0.744392	157000.0	0	0.655747	4	0.000183105	279.232	1	temp/spectra_filtered.mgf1659	1	Massbank:RP030402 ?-linolenic acid|linolenic acid|(9Z,12Z,15Z)-octadeca-9,12,15-trienoic acid	ESI	qTof	Isolated	Massbank	Massbank	M+H	279.232	0.0	1	463-40-1		CC/C=C\C/C=C\C/C=C\CCCCCCCC(=O)O	1S/C18H30O2/c1-2-3-4-5-6-7-8-9-10-11-12-13-14-15-16-17-18(19)20/h3-4,6-7,9-10H,2,5,8,11-17H2,1H3,(H,19,20)/b4-3-,7-6-,10-9-		3	Positive	MASSBANK	279.232	UPDATE-SINGLE-ANNOTATED-BRONZE	Bronze		C18H30O2	DTOSIQBPPRVQHS-PDBXOOCHSA-N	DTOSIQBPPRVQHS	Lipids and lipid-like molecules	Fatty Acyls	Lineolic acids and derivatives	Fatty Acids and Conjugates	Unsaturated fatty acids	Fatty acids	mzspec:GNPS:GNPS-LIBRARY:CCMSLIB00005738623
CCMSLIB00005738115	3336	spectra_filtered.mgf	GNPS_Drug_Library_Spectra_Drugs_and_Metabolites.mgf	0.743729	92000.0	0	2.41821	2	0.000297546	123.044	1	temp/spectra_filtered.mgf3336	1	Massbank:RP012802 Benzoic acid	ESI	qTof	Isolated	Massbank	Massbank	M+H	123.044	0.0	1	65-85-0		OC(=O)c1ccccc1	1S/C7H6O2/c8-7(9)6-4-2-1-3-5-6/h1-5H,(H,8,9)		3	Positive	MASSBANK	123.044	UPDATE-SINGLE-ANNOTATED-BRONZE	Bronze		C7H6O2	WPYMKLBDIGXBTP-UHFFFAOYSA-N	WPYMKLBDIGXBTP	Benzenoids	Benzene and substituted derivatives	Benzoic acids and derivatives	Phenolic acids (C6-C1)	Simple phenolic acids	Shikimates and Phenylpropanoids	mzspec:GNPS:GNPS-LIBRARY:CCMSLIB00005738115
CCMSLIB00003138499	8426	spectra_filtered.mgf	GNPS_Drug_Library_Spectra_Drugs_and_Metabolites.mgf	0.740583	40000.0	0	0.790511	2	0.000106812	135.117	1	temp/spectra_filtered.mgf8426	1	Adamantylidene	ESI	qTof	Isolated	Data from Joshua Wollam	Data deposited by fevargas	M+H	135.117	134.11	1	768945		C1C2CC3CC1CC(C2)[C]3	InChI=1S/C10H14/c1-7-2-9-4-8(1)5-10(3-7)6-9/h7-10H,1-5H2		3	Positive	GNPS-NIST14-MATCHES	135.117	UPDATE-SINGLE-ANNOTATED-BRONZE	Bronze		C10H14	DCBMHXCACVDWJZ-UHFFFAOYSA-N	DCBMHXCACVDWJZ						Terpenoids	mzspec:GNPS:GNPS-LIBRARY:CCMSLIB00003138499
CCMSLIB00000006335	3995	spectra_filtered.mgf	GNPS_Drug_Library_Spectra_Drugs_and_Metabolites.mgf	0.739521	569000.0	0	0.620517	3	0.000106812	172.133	1	temp/spectra_filtered.mgf3995	1	Altretamine	LC-ESI	qTof	Isolated	Sirenas	Ed Esquenazi 	M+H	172.133	210.159	1			CN(C)C1=NC(=NC(=N1)N(C)C)N(C)C	InChI=1S/C9H18N6/c1-13(2)7-10-8(14(3)4)12-9(11-7)15(5)6/h1-6H3		3	Positive	GNPS-SELLECKCHEM-FDA-PART1	172.133	UPDATE-SINGLE-ANNOTATED-BRONZE	Bronze		C9H18N6	UUVWYPNAQBNQJQ-UHFFFAOYSA-N	UUVWYPNAQBNQJQ	Organic nitrogen compounds	Organonitrogen compounds	Amines			Alkaloids	mzspec:GNPS:GNPS-LIBRARY:CCMSLIB00000006335
CCMSLIB00000006335	8119	spectra_filtered.mgf	GNPS_Drug_Library_Spectra_Drugs_and_Metabolites.mgf	0.73913	642000.0	0	1.15239	3	0.000198364	172.133	1	temp/spectra_filtered.mgf8119	1	Altretamine	LC-ESI	qTof	Isolated	Sirenas	Ed Esquenazi 	M+H	172.133	210.159	1			CN(C)C1=NC(=NC(=N1)N(C)C)N(C)C	InChI=1S/C9H18N6/c1-13(2)7-10-8(14(3)4)12-9(11-7)15(5)6/h1-6H3		3	Positive	GNPS-SELLECKCHEM-FDA-PART1	172.133	UPDATE-SINGLE-ANNOTATED-BRONZE	Bronze		C9H18N6	UUVWYPNAQBNQJQ-UHFFFAOYSA-N	UUVWYPNAQBNQJQ	Organic nitrogen compounds	Organonitrogen compounds	Amines			Alkaloids	mzspec:GNPS:GNPS-LIBRARY:CCMSLIB00000006335
CCMSLIB00000006335	332	spectra_filtered.mgf	GNPS_Drug_Library_Spectra_Drugs_and_Metabolites.mgf	0.738523	1572000.0	0	0.620517	3	0.000106812	172.133	1	temp/spectra_filtered.mgf332	1	Altretamine	LC-ESI	qTof	Isolated	Sirenas	Ed Esquenazi 	M+H	172.133	210.159	1			CN(C)C1=NC(=NC(=N1)N(C)C)N(C)C	InChI=1S/C9H18N6/c1-13(2)7-10-8(14(3)4)12-9(11-7)15(5)6/h1-6H3		3	Positive	GNPS-SELLECKCHEM-FDA-PART1	172.133	UPDATE-SINGLE-ANNOTATED-BRONZE	Bronze		C9H18N6	UUVWYPNAQBNQJQ-UHFFFAOYSA-N	UUVWYPNAQBNQJQ	Organic nitrogen compounds	Organonitrogen compounds	Amines			Alkaloids	mzspec:GNPS:GNPS-LIBRARY:CCMSLIB00000006335
CCMSLIB00013647304	1877	spectra_filtered.mgf	GNPS_Drug_Library_Spectra_Drug_Analogs_Updated.mgf	0.735707	447000.0	0	0.716198	8	0.000213623	298.274	1	temp/spectra_filtered.mgf1877	1	related spectra of 'dicyclomine  (Delta Mass:-12.00)'	LC-ESI	Orbitrap	Crude	Pieter Dorrestein	Nina Zhao	M+H	298.274	0.0	1						3	Positive	GNPS-DRUG-ANALOG	298.274	UPDATE-SINGLE-ANNOTATED-BRONZE	Bronze											mzspec:GNPS:GNPS-LIBRARY:CCMSLIB00013647304
CCMSLIB00003138672	6768	spectra_filtered.mgf	GNPS_Drug_Library_Spectra_Drugs_and_Metabolites.mgf	0.734697	193000.0	0	6.73756	4	0.00109863	163.06	1	temp/spectra_filtered.mgf6768	1	Spectral Match to D-(+)-Mannose from NIST14	ESI	QqQ	Isolated	Data from Pieter Dorrestein	Data deposited by lfnothias	M+H-H2O	163.061	0.0	1	3458284					3	Positive	GNPS-NIST14-MATCHES	163.061	UPDATE-SINGLE-ANNOTATED-BRONZE	Bronze											mzspec:GNPS:GNPS-LIBRARY:CCMSLIB00003138672
CCMSLIB00004721673	13441	spectra_filtered.mgf	GNPS_Drug_Library_Spectra_Drugs_and_Metabolites.mgf	0.73408	30000.0	0	11.8643	2	0.00811768	684.203	1	temp/spectra_filtered.mgf13441	1	ACARBOSE		ESI-QFT	isolated	MoNA	MoNA:VF-NPL-QEHF028092	[M+K]+	684.211	0.0	1			CC1OC(OC2C(CO)OC(OC(C(O)CO)C(O)C(O)C=O)C(O)C2O)C(O)C(O)C1NC1C=C(CO)C(O)C(O)C1O	InChI=1S/C25H43NO18/c1-7-13(26-9-2-8(3-27)14(33)18(37)15(9)34)17(36)20(39)24(41-7)44-23-12(6-30)42-25(21(40)19(23)38)43-22(11(32)5-29)16(35)10(31)4-28/h2,4,7,9-27,29-40H,3,5-6H2,1H3		3	positive	MONA	684.211	UPDATE-SINGLE-ANNOTATED-BRONZE	Bronze		C25H43NO18	CEMXHAPUFJOOSV-UHFFFAOYSA-N	CEMXHAPUFJOOSV	Organic oxygen compounds	Organooxygen compounds	Carbohydrates and carbohydrate conjugates	Polyols	Amino cyclitols	Carbohydrates	mzspec:GNPS:GNPS-LIBRARY:CCMSLIB00004721673
CCMSLIB00013651299	1323	spectra_filtered.mgf	GNPS_Drug_Library_Spectra_Drug_Analogs_Updated.mgf	0.733597	67000.0	0	1.7239	2	0.000793457	460.269	1	temp/spectra_filtered.mgf1323	1	related spectra of 'latanoprost  (Delta Mass:44.99)'	LC-ESI	Orbitrap	Crude	Pieter Dorrestein	Nina Zhao	M+H	460.27	0.0	1						3	Positive	GNPS-DRUG-ANALOG	460.27	UPDATE-SINGLE-ANNOTATED-BRONZE	Bronze											mzspec:GNPS:GNPS-LIBRARY:CCMSLIB00013651299
CCMSLIB00013651299	9801	spectra_filtered.mgf	GNPS_Drug_Library_Spectra_Drug_Analogs_Updated.mgf	0.730729	92000.0	0	1.52498	2	0.000701904	460.269	1	temp/spectra_filtered.mgf9801	1	related spectra of 'latanoprost  (Delta Mass:44.99)'	LC-ESI	Orbitrap	Crude	Pieter Dorrestein	Nina Zhao	M+H	460.27	0.0	1						3	Positive	GNPS-DRUG-ANALOG	460.27	UPDATE-SINGLE-ANNOTATED-BRONZE	Bronze											mzspec:GNPS:GNPS-LIBRARY:CCMSLIB00013651299
CCMSLIB00013651299	14843	spectra_filtered.mgf	GNPS_Drug_Library_Spectra_Drug_Analogs_Updated.mgf	0.728791	55000.0	0	2.38693	2	0.00109863	460.269	1	temp/spectra_filtered.mgf14843	1	related spectra of 'latanoprost  (Delta Mass:44.99)'	LC-ESI	Orbitrap	Crude	Pieter Dorrestein	Nina Zhao	M+H	460.27	0.0	1						3	Positive	GNPS-DRUG-ANALOG	460.27	UPDATE-SINGLE-ANNOTATED-BRONZE	Bronze											mzspec:GNPS:GNPS-LIBRARY:CCMSLIB00013651299
CCMSLIB00013651299	15050	spectra_filtered.mgf	GNPS_Drug_Library_Spectra_Drug_Analogs_Updated.mgf	0.727734	57000.0	0	2.38693	2	0.00109863	460.269	1	temp/spectra_filtered.mgf15050	1	related spectra of 'latanoprost  (Delta Mass:44.99)'	LC-ESI	Orbitrap	Crude	Pieter Dorrestein	Nina Zhao	M+H	460.27	0.0	1						3	Positive	GNPS-DRUG-ANALOG	460.27	UPDATE-SINGLE-ANNOTATED-BRONZE	Bronze											mzspec:GNPS:GNPS-LIBRARY:CCMSLIB00013651299
CCMSLIB00003138499	12517	spectra_filtered.mgf	GNPS_Drug_Library_Spectra_Drugs_and_Metabolites.mgf	0.727128	33000.0	0	0.790511	2	0.000106812	135.117	1	temp/spectra_filtered.mgf12517	1	Adamantylidene	ESI	qTof	Isolated	Data from Joshua Wollam	Data deposited by fevargas	M+H	135.117	134.11	1	768945		C1C2CC3CC1CC(C2)[C]3	InChI=1S/C10H14/c1-7-2-9-4-8(1)5-10(3-7)6-9/h7-10H,1-5H2		3	Positive	GNPS-NIST14-MATCHES	135.117	UPDATE-SINGLE-ANNOTATED-BRONZE	Bronze		C10H14	DCBMHXCACVDWJZ-UHFFFAOYSA-N	DCBMHXCACVDWJZ						Terpenoids	mzspec:GNPS:GNPS-LIBRARY:CCMSLIB00003138499
CCMSLIB00005463950	2607	spectra_filtered.mgf	GNPS_Drug_Library_Spectra_Drugs_and_Metabolites.mgf	0.723048	63000.0	0	0.762569	2	0.000106812	140.068	1	temp/spectra_filtered.mgf2607	1	BETAINE	ESI	Orbitrap	Commercial	Dorrestein	Kelly Weldon	M+Na	140.068	117.079	1	107-43-7		C[N+](C)(C)CC([O-])=O	"""InChI=1S/C5H11NO2/c1-6(2,3)4-5(7)8/h4H2,1-3H3"""		1	Positive	GNPS-MSMLS	140.068	UPDATE-SINGLE-ANNOTATED-GOLD	Gold			KWIUHFFTVRNATP-UHFFFAOYSA-N	KWIUHFFTVRNATP	Organic acids and derivatives	Carboxylic acids and derivatives	Amino acids, peptides, and analogues				mzspec:GNPS:GNPS-LIBRARY:CCMSLIB00005463950
CCMSLIB00003138499	9171	spectra_filtered.mgf	GNPS_Drug_Library_Spectra_Drugs_and_Metabolites.mgf	0.721538	36000.0	0	1.46809	2	0.000198364	135.117	1	temp/spectra_filtered.mgf9171	1	Adamantylidene	ESI	qTof	Isolated	Data from Joshua Wollam	Data deposited by fevargas	M+H	135.117	134.11	1	768945		C1C2CC3CC1CC(C2)[C]3	InChI=1S/C10H14/c1-7-2-9-4-8(1)5-10(3-7)6-9/h7-10H,1-5H2		3	Positive	GNPS-NIST14-MATCHES	135.117	UPDATE-SINGLE-ANNOTATED-BRONZE	Bronze		C10H14	DCBMHXCACVDWJZ-UHFFFAOYSA-N	DCBMHXCACVDWJZ						Terpenoids	mzspec:GNPS:GNPS-LIBRARY:CCMSLIB00003138499
CCMSLIB00003135408	13846	spectra_filtered.mgf	GNPS_Drug_Library_Spectra_Drugs_and_Metabolites.mgf	0.719347	66000.0	0	5.80862	2	0.00439453	756.549	1	temp/spectra_filtered.mgf13846	1	Spectral Match to 1,2-Dihexadecanoyl-sn-glycero-3-phosphocholine from NIST14	ESI	HCD	Isolated	Data from Chris Turck	Data deposited by fevargas	M+Na	756.553	0.0	1	63898					3	Positive	GNPS-NIST14-MATCHES	756.553	UPDATE-SINGLE-ANNOTATED-BRONZE	Bronze											mzspec:GNPS:GNPS-LIBRARY:CCMSLIB00003135408
CCMSLIB00013644076	6171	spectra_filtered.mgf	GNPS_Drug_Library_Spectra_Drug_Analogs_Updated.mgf	0.71544	44000.0	0	12.7443	3	0.00396729	311.294	1	temp/spectra_filtered.mgf6171	1	related spectra of 'sq109  (Delta Mass:-20.01)'	LC-ESI	Orbitrap	Crude	Pieter Dorrestein	Nina Zhao	M+H	311.298	0.0	1						3	Positive	GNPS-DRUG-ANALOG	311.298	UPDATE-SINGLE-ANNOTATED-BRONZE	Bronze											mzspec:GNPS:GNPS-LIBRARY:CCMSLIB00013644076
CCMSLIB00013647483	1829	spectra_filtered.mgf	GNPS_Drug_Library_Spectra_Drug_Analogs_Updated.mgf	0.71383	830000.0	0	1.34381	9	0.000396729	295.227	1	temp/spectra_filtered.mgf1829	1	related spectra of 'alprostadil (Delta Mass:-42.01)'	LC-ESI	Orbitrap	Crude	Pieter Dorrestein	Nina Zhao	M+H	295.226	0.0	1						3	Positive	GNPS-DRUG-ANALOG	295.226	UPDATE-SINGLE-ANNOTATED-BRONZE	Bronze											mzspec:GNPS:GNPS-LIBRARY:CCMSLIB00013647483
CCMSLIB00003137264	8305	spectra_filtered.mgf	GNPS_Drug_Library_Spectra_Drugs_and_Metabolites.mgf	0.710902	85000.0	0	1.33933	4	295.208	296.214	2	temp/spectra_filtered.mgf8305	1	Spectral Match to Azithromycin from NIST14	ESI	IT/ion trap	Isolated	Data from Pieter C. Dorrestein	Data deposited by negarg	296.2	296.214	0.0	1	83905015					3	Positive	GNPS-NIST14-MATCHES	296.214	UPDATE-SINGLE-ANNOTATED-BRONZE	Bronze											mzspec:GNPS:GNPS-LIBRARY:CCMSLIB00003137264
CCMSLIB00003135408	1227	spectra_filtered.mgf	GNPS_Drug_Library_Spectra_Drugs_and_Metabolites.mgf	0.710301	176000.0	0	4.35647	4	0.0032959	756.55	1	temp/spectra_filtered.mgf1227	1	Spectral Match to 1,2-Dihexadecanoyl-sn-glycero-3-phosphocholine from NIST14	ESI	HCD	Isolated	Data from Chris Turck	Data deposited by fevargas	M+Na	756.553	0.0	1	63898					3	Positive	GNPS-NIST14-MATCHES	756.553	UPDATE-SINGLE-ANNOTATED-BRONZE	Bronze											mzspec:GNPS:GNPS-LIBRARY:CCMSLIB00003135408
CCMSLIB00005738623	11693	spectra_filtered.mgf	GNPS_Drug_Library_Spectra_Drugs_and_Metabolites.mgf	0.709863	83000.0	0	1.09291	4	0.000305176	279.232	1	temp/spectra_filtered.mgf11693	1	Massbank:RP030402 ?-linolenic acid|linolenic acid|(9Z,12Z,15Z)-octadeca-9,12,15-trienoic acid	ESI	qTof	Isolated	Massbank	Massbank	M+H	279.232	0.0	1	463-40-1		CC/C=C\C/C=C\C/C=C\CCCCCCCC(=O)O	1S/C18H30O2/c1-2-3-4-5-6-7-8-9-10-11-12-13-14-15-16-17-18(19)20/h3-4,6-7,9-10H,2,5,8,11-17H2,1H3,(H,19,20)/b4-3-,7-6-,10-9-		3	Positive	MASSBANK	279.232	UPDATE-SINGLE-ANNOTATED-BRONZE	Bronze		C18H30O2	DTOSIQBPPRVQHS-PDBXOOCHSA-N	DTOSIQBPPRVQHS	Lipids and lipid-like molecules	Fatty Acyls	Lineolic acids and derivatives	Fatty Acids and Conjugates	Unsaturated fatty acids	Fatty acids	mzspec:GNPS:GNPS-LIBRARY:CCMSLIB00005738623
CCMSLIB00013643848	1616	spectra_filtered.mgf	GNPS_Drug_Library_Spectra_Drug_Analogs_Updated.mgf	0.708993	71000.0	0	0.443226	2	7.62939e-05	172.133	1	temp/spectra_filtered.mgf1616	1	related spectra of 'tranexamic acid (Delta Mass:14.02)'	LC-ESI	Orbitrap	Crude	Pieter Dorrestein	Nina Zhao	M+H	172.133	0.0	1						3	Positive	GNPS-DRUG-ANALOG	172.133	UPDATE-SINGLE-ANNOTATED-BRONZE	Bronze											mzspec:GNPS:GNPS-LIBRARY:CCMSLIB00013643848
CCMSLIB00005777241	7678	spectra_filtered.mgf	GNPS_Drug_Library_Spectra_Drugs_and_Metabolites.mgf	0.707231	107000.0	0	3.31122	2	0.00050354	152.07	1	temp/spectra_filtered.mgf7678	1	Massbank:AU112601 Paracetamol|N-(4-hydroxyphenyl)acetamide	ESI	qTof	Isolated	Massbank	Massbank	M+H	152.071	0.0	1	103-90-2		C/C(=N\c1ccc(cc1)O)/O	1S/C8H9NO2/c1-6(10)9-7-2-4-8(11)5-3-7/h2-5,11H,1H3,(H,9,10)		3	Positive	MASSBANK	152.071	UPDATE-SINGLE-ANNOTATED-BRONZE	Bronze		C8H9NO2	RZVAJINKPMORJF-UHFFFAOYSA-N	RZVAJINKPMORJF	Benzenoids	Phenols	1-hydroxy-2-unsubstituted benzenoids	Phenolic acids (C6-C1)	Simple phenolic acids	Shikimates and Phenylpropanoids	mzspec:GNPS:GNPS-LIBRARY:CCMSLIB00005777241
CCMSLIB00010149249	3953	spectra_filtered.mgf	GNPS_Drug_Library_Spectra_Drugs_and_Metabolites.mgf	0.706506	500000.0	0	2.24952	3	0.000274658	122.097	1	temp/spectra_filtered.mgf3953	1	Phenethylamine	ESI	Orbitrap	Crude	Tomas Pluskal	Corinna Brungs	M+H	122.096	121.089	1			NCCc1ccccc1	"""InChI=1S/C8H11N/c9-7-6-8-4-2-1-3-5-8/h1-5H,6-7,9H2"""	BHHGXPLMPWCGHP-UHFFFAOYSA-N	3	Positive	MCE-DRUG	122.096	UPDATE-SINGLE-ANNOTATED-BRONZE	Bronze		C8H11N	BHHGXPLMPWCGHP-UHFFFAOYSA-N	BHHGXPLMPWCGHP	Benzenoids	Benzene and substituted derivatives	Phenethylamines	Tyrosine alkaloids	Phenylethylamines	Alkaloids	mzspec:GNPS:GNPS-LIBRARY:CCMSLIB00010149249
CCMSLIB00000006335	48	spectra_filtered.mgf	GNPS_Drug_Library_Spectra_Drugs_and_Metabolites.mgf	0.704408	2357000.0	0	0.620517	3	0.000106812	172.133	1	temp/spectra_filtered.mgf48	1	Altretamine	LC-ESI	qTof	Isolated	Sirenas	Ed Esquenazi 	M+H	172.133	210.159	1			CN(C)C1=NC(=NC(=N1)N(C)C)N(C)C	InChI=1S/C9H18N6/c1-13(2)7-10-8(14(3)4)12-9(11-7)15(5)6/h1-6H3		3	Positive	GNPS-SELLECKCHEM-FDA-PART1	172.133	UPDATE-SINGLE-ANNOTATED-BRONZE	Bronze		C9H18N6	UUVWYPNAQBNQJQ-UHFFFAOYSA-N	UUVWYPNAQBNQJQ	Organic nitrogen compounds	Organonitrogen compounds	Amines			Alkaloids	mzspec:GNPS:GNPS-LIBRARY:CCMSLIB00000006335
CCMSLIB00003135408	461	spectra_filtered.mgf	GNPS_Drug_Library_Spectra_Drugs_and_Metabolites.mgf	0.703362	1279000.0	0	4.43714	7	0.00335693	756.55	1	temp/spectra_filtered.mgf461	1	Spectral Match to 1,2-Dihexadecanoyl-sn-glycero-3-phosphocholine from NIST14	ESI	HCD	Isolated	Data from Chris Turck	Data deposited by fevargas	M+Na	756.553	0.0	1	63898					3	Positive	GNPS-NIST14-MATCHES	756.553	UPDATE-SINGLE-ANNOTATED-BRONZE	Bronze											mzspec:GNPS:GNPS-LIBRARY:CCMSLIB00003135408
CCMSLIB00000006335	224	spectra_filtered.mgf	GNPS_Drug_Library_Spectra_Drugs_and_Metabolites.mgf	0.702323	939000.0	0	0.620517	3	0.000106812	172.133	1	temp/spectra_filtered.mgf224	1	Altretamine	LC-ESI	qTof	Isolated	Sirenas	Ed Esquenazi 	M+H	172.133	210.159	1			CN(C)C1=NC(=NC(=N1)N(C)C)N(C)C	InChI=1S/C9H18N6/c1-13(2)7-10-8(14(3)4)12-9(11-7)15(5)6/h1-6H3		3	Positive	GNPS-SELLECKCHEM-FDA-PART1	172.133	UPDATE-SINGLE-ANNOTATED-BRONZE	Bronze		C9H18N6	UUVWYPNAQBNQJQ-UHFFFAOYSA-N	UUVWYPNAQBNQJQ	Organic nitrogen compounds	Organonitrogen compounds	Amines			Alkaloids	mzspec:GNPS:GNPS-LIBRARY:CCMSLIB00000006335
